pid,name,address,phone,workingHour,linkDescription,description,locationX,locationY,totalRatingPoint,numberRating,created_at,updated_at,picture,fbLink,reDescription,foodType,extraInfo,priceRange,recommended,budget
878,Restoran Sayur-Sayuran Yun Ji 云集素食馆,"No.36, Jalan Dass, 30300 Ipoh, Perak.",052530491,Morning Afternoon Night ,"Business Hour : 10.30am to 2.30pm , 5.00pm to 9.00pm 
Rest day : Monday
Updated 24/5/2022

","Tel:0165938052


Area : Ipoh Centre",4.599848,101.081924,vsmAlice,0,2016-02-13 15:31:27,2022-05-24 19:29:54,000878_aa.jpg*000878_1ak2016-07-30_14-53-05.jpg*000878_1al2016-07-30_14-53-05.jpg*000878_1am2016-07-30_14-53-05.jpg*000878_1an2016-07-30_14-53-05.jpg*000878_1ao2016-07-30_14-53-05.jpg*000878_1aa2016-07-30_14-53-33.jpg*000878_1ab2016-07-30_14-53-33.jpg*000878_1ac2016-07-30_14-53-33.jpg*000878_1ad2016-07-30_14-53-33.jpg*000878_1ae2016-07-30_14-53-33.jpg*000878_1af2016-07-30_14-53-33.jpg*000878_1ag2016-07-30_14-53-33.jpg*,https://www.facebook.com/groups/781347675284086/permalink/804398936312293,小炒 RM6.00起,#Chinese中餐 #Vegetarian  #Chinese Dishes煮炒,#Restaurant餐厅 #Vegetarian素食 #Air-cond冷气 #Feast酒席 #Buffet自由餐 #Outdoor Catering上门到会 ,budget经济,1,1
1591,Casa Station 卡莎素食餐馆 ,"No 6, Ground Floor, Jalan Tengah, 05100 Alor Setar, Kedah. ",01151618894,Morning Afternoon ,Business Hour : 7.30am to 3.00pm Rest day : Tuesday (Wednesday close if 1st & 15th of lunar month fall on Tuesday) Updated 20/4/2022,.,6.124857,100.363837,vsmSelina,"0179875158/0125633347
父母亲的电话",2016-03-01 13:55:50,2022-04-20 15:29:01,001591_1aa2017-03-05_18-59-46.jpg*,https://www.facebook.com/groups/781347675284086/permalink/1405051569580357,小炒 RM5.00 起,#Chinese中餐 #Noodles Soup/Noodles面汤/面食类 #Rice饭类 #Vegetarian Mixed Rice素杂饭 #Economy Noodles经济面 #Chinese Dishes煮炒 ,#Restaurant餐厅 #Vegetarian素食 #Air-cond冷气 #Feast酒席 #Buffet自由餐 #Delivery外卖服务 #Home Catering承包伙食 #Outdoor Catering上门到会 ,budget经济,0,1
237,VG Mart Sdn Bhd  绿源素食馆 ,"No.1, Jalan Bestari 1/2, Taman Nusa Bestari, 81200 Skudai, Johor.",072324011,Morning Afternoon Night ,"Business Hour : 11.00am to 9.00pm 
Rest day : Wednesday 
Updated 20/4/2022	","Tel:0127030829 
Tel:0167164408 
初一及十五有素杂饭",1.480065,103.665738,vsmAlice,.,2016-01-10 21:35:51,2022-04-20 21:07:30,000237_1aa2019-09-09_10-46-57.jpg*,https://www.facebook.com/groups/781347675284086/permalink/1284960378256144,小炒RM7.50起,#Chinese中餐 #Western西餐 #Chinese Dishes煮炒 #Vegetarian Chops素扒 #Weekend Special周末特餐 #Snack小吃 #Vegetarian Frozen Food Available售卖素料 ,#Restaurant餐厅 #Vegetarian素食 #Wifi无线网络 #Air-cond冷气 #Buffet自由餐 ,average一般,0,0
4911,Tian Teck Vegetarian Food 天德蔬食,"No.19, Jalan Kencana 1A/25, Taman Pura Kencana, Sri Gading, 83300 Batu Pahat, Johor.",0165507930,Morning    Afternoon    Night    ,"Business Hour : 10.30am to 3.00pm , 4.30pm to 8.00pm
Rest day : Tuesday & Wednesday 
Updated 13/4/2022",Tel:0167787930,1.851397,103.027468,vsmAlice,,2021-11-16 15:19:43,2022-04-13 11:42:41,004911_aa.jpg*,https://www.facebook.com/groups/781347675284086/permalink/5056675614417916,小炒RM9.90起,#Fusion无国界料理 #Chinese Dishes煮炒 #Snack小吃 ,#Restaurant餐厅 #Vegetarian素食 #Air-cond冷气 #Feast酒席 #Buffet自由餐 #Delivery外卖服务 ,average一般,0,0
403,Green Peace Vegetarian Food 绿馨素食馆,"No.652-I & 652-M ,Jalan Delima 5, Taman Bukit Melaka, Bukit Beruang, 75450 Melaka.",0126392854,Morning Afternoon ,"Business Hour ：7.00am to 2.30pm 
Rest day: Sunday
Updated 23/5/2022","Tel:0126392854
周末提供鸡饭粒
Chicken rice ball is only available on Saturday ",2.244945,102.27431,vsmAlice,0,2016-01-23 15:39:57,2022-05-23 11:00:40,000403_1aa2017-07-07_22-12-34.jpg*,https://www.facebook.com/groups/781347675284086/permalink/2308833505868821,"面食类RM5.50起 

",#Chinese中餐 #Vegetarian Mixed Rice素杂饭 #Economy Noodles经济面 #Noodles soup/noodles面汤/面食类 #Rice饭类 #Everyday Special每日特餐 #Weekend Special周末特餐  #Porridge粥  #Vegetarian Frozen Food Available售卖素料  ,#Restaurant餐厅 #Vegetarian素食 #Air-cond冷气 #Feast酒席 #Buffet自由餐 ,budget经济,0,1
393,Vegetarian stall at Taman Hijau 1 住家式经济健康面档,"No.292, Lorong Hijau 1/4, Taman Hijau 1, 32000 Sitiawan, Perak.",0165653734,Afternoon Night ,"Business Hour : 5.30pm to 8.00pm 
Rest day : Friday 
Updated 21/4/2022

","中午卖便当而已
Tel : 0165585839",4.19884,100.697003,vsmAlice,0,2016-01-23 12:41:45,2022-04-21 15:10:16,000393_aa.jpg*,https://www.facebook.com/groups/781347675284086/permalink/903654439720075,面食类RM4.50起 ,#Chinese中餐 #Noodles soup/noodles面汤/面食类 #Rice饭类 #Bakkuteh素肉骨茶   ,#Hawker Stall档口 #Vegetarian素食 #Feast酒席 #Buffet自由餐 ,budget经济,0,1
169,Yue 悦之憩木木山有机生活坊,"No.4002, Jalan Iris 7, Indahpura, 81000 Kulai, Johor. ",076626054,Morning Afternoon ,"Business Hour : 10.00am to 3.00pm 
Rest day : Sunday 
Updated 12/4/2022",Tel:0167697793 ,1.648169,103.610396,vsmAlice,0,2016-01-03 17:21:02,2022-04-12 15:11:56,000169_1aa2020-08-05_16-57-10.jpg*,https://www.facebook.com/groups/781347675284086/permalink/3706934019392089,擂茶RM9.00起,#Chinese中餐 #Ala Carte单座 #Everyday Special每日特餐 #Weekend Special周末特餐 #Hakka Ground Tea擂茶 #Snack小吃 #Organic Food有机食物 ,#Cafe咖啡厅 #Vegetarian素食 #Buffet自由餐 ,average一般,0,0
1360,Bodhi Vegetarian Restaurant  菩提居素食館 ,"No.153, Persiaran Pegaga, Taman Bayu Perdana, 41200 Klang, Selangor. ",0338855652,Morning Afternoon ,"Business Hour : 9.30am to 2.30pm , 5.30pm to 7.30pm ; 1st & 15th of lunar month 7.00am to 2.30pm , 5.30pm to 7.30pm 
Rest day : Wednesday 
Updated 11/4/2022




",Tel:0163335513,3.016548,101.432707,vsmAlice,0,2016-02-25 10:36:47,2022-04-11 11:11:10,001360_1aa2017-10-09_19-40-26.jpg*,https://www.facebook.com/groups/781347675284086/permalink/1493791304039716,小炒RM6.00起,#Fusion无国界料理 #Vegetarian Mixed Rice素杂饭 #Economy Noodles经济面 #Ala Carte单座 #Chinese Dishes煮炒 #Vegetarian Chops素扒 #Everday Special每日特餐 #Weekend Special周末特餐 #Snack小吃 #Vegetarian Frozen Food Available售卖素料 ,#Restaurant餐厅 #Vegetarian素食 #Air-cond冷气 #Feast酒席 #Buffet自由餐 #Delivery外卖服务 #Home Catering承包伙食 #Outdoor Catering上门到会 ,budget经济,0,1
3259,Vegetarian shop at Taman Intan 素食店在英丹花园,"399A, Lebuh Intan, Taman Intan, 08000 Sungai Petani, Kedah",01159628584,Morning    Afternoon    ,Business Hour : 8.00am to 3.00pm ; 1st & 15th of lunar month 7.00am to 3.00pm Rest day : 2nd & 16th of lunar month Updated 24/5/2022,,5.63595,100.474826,vsmSelina,"21/5/2022: 01159628584 not in service	
Private 0176714395 no p/up phone",2018-04-08 14:21:58,2022-05-24 13:15:59,003259_1aa2019-07-26_17-16-20.jpg*,https://www.facebook.com/groups/781347675284086/permalink/2350646581687513,面汤/面食类 RM4.00 起,#Chinese中餐 #Noodles Soup/Noodles面汤/面食类 #Vegetarian Mixed Rice素杂饭 #Economy Noodles经济面 #Everday Special每日特餐 ,#Restaurant餐厅 #Vegetarian素食 ,budget经济,0,1
1639,Kedai Makanan Sayur-Sayuran Ee Sin  一心素食中心,"No.15, Ground Floor, Kulim Kompleks, Jalan Bayu 1, 09000 Kulim, Kedah.",0125225918,Morning Afternoon ,"Business Hour : 7.30am to 3.00pm 
Rest day : 2nd & 16th of  lunar month
Updated 21/5/2022","Tel:0124122958
Tel:0142542304   
Opposite Kulim Market 
星期五/六/日/初一十五有咖喱面&云吞面 ; nasi lemak初一十五才有",5.370962,100.556423,vsmSelina,.,2016-03-02 14:58:09,2022-05-21 13:12:59,001639_aa.jpg*,https://www.facebook.com/groups/781347675284086/permalink/905596819525837,小炒 RM6.00 起,#Chinese中餐 #Vegetarian Mixed Rice素杂饭 #Economy Noodles经济面 #Fried Noodles/Rice炒面饭类 #Weekend Special周末特餐 ,#Restaurant餐厅 #Vegetarian素食 ,budget经济,0,1
1424,Vegetarian stall at Yew Cafe 康裕素食在友记茶室 ,"Lot 8137, Jalan Pending, 93300 Kuching,Sarawak ",0168093328,Morning Afternoon  ,"Business Hour: 9.00am to 1.30pm, 5.00pm to 6.30pm
Rest day : Sunday 
Updated 10/5/2022

",,1.551013,110.370006,vsmAlice,.,2016-02-25 16:30:02,2022-05-22 10:29:00,001424_1aa2018-05-28_11-42-17.jpg*,https://www.facebook.com/groups/781347675284086/permalink/1715022111916633,小炒RM5.00起 ,#Chinese中餐 #Fried Noodles/Rice炒面饭类 #Ala Carte单座 #Noodles soup/noodles面汤/面食类 #Rice饭类  ,#Hawker Stall档口 #Vegetarian素食 ,budget经济,0,1
419,BMS Organics at Sri Petaling思源,"No.21-G, Jalan Radin Bagus, Bandar Sri Petaling, 57000 Kuala Lumpur.",0395439259,Morning Afternoon Night ,"Restaurant Hour : 10.30am to 3.00pm, 4.00pm to 9.30pm
Rest day : Tuesday 
Updated 9/8/2022

","Tel:0104000287
same row with Papparich",3.069287,101.694887,vsmAlice,0,2016-01-24 12:41:37,2022-08-09 14:45:40,000419_aa.jpg*,https://www.facebook.com/groups/781347675284086/permalink/1048507661901418,ala carte RM13.90 onwards ,#Chinese中餐 #Ala Carte单座 #Burger素汉堡 #Spaghetti意大利面 #Porridge粥 #Hakka Ground Tea擂茶 #Bakkuteh素肉骨茶 #Rojak #Snack小吃 #Vegetarian Frozen Food Available售卖素料 #Organic Food有机食物 ,#Restaurant餐厅 #Vegetarian素食 #Five Pungent Roots五辛素 #Wifi无线网络 #Air-cond冷气 #Delivery外卖服务 #Credit Card信用卡 ,above average中上,0,0
3409,Big Vege Vegetarian Food  大素下食堂,"No.4, Jalan Perdana 23, Taman Bukit Perdana, 83000 Batu Pahat, Johor.",0167529915 ,Morning        ,"Business Hour : 7.00am to 11.00am 
Rest day : weekends , 2nd & 16th of lunar month 
Updated 13/4/2022

",Tel:0127933119,1.843794,102.955341,vsmAlice,"-
",2018-07-06 16:32:34,2022-04-13 11:55:22,003409_aa.jpg*,https://www.facebook.com/groups/781347675284086/permalink/1764063173679193,素杂饭RM4.50起,#Chinese中餐 #Noodles Soup/Noodles面汤/面食类 #Rice饭类 #Vegetarian Mixed Rice素杂饭 #Economy Noodles经济面 #Bakkuteh素肉骨茶 #Snack小吃 ,#Restaurant餐厅 #Vegetarian素食 ,budget经济,0,1
633,Happy Veg Vegetarian at UTC Sentul ,"Stall T1-27, Sentul UTC, Kompleks Perniagaan dan Komuniti, Bandar Baru Sentul, 51000 Kuala Lumpur.",0193917978,Morning Afternoon ,"Business Hour : 7.30am to 12.45pm 
Rest day : Weekends & Public Holidays 
Updated 18/4/2022",,3.180498,101.697227,vsmAlice,0,2016-01-29 10:33:20,2022-04-18 15:58:20,000633_1aa2019-08-30_12-48-16.jpg*,https://www.facebook.com/groups/781347675284086/permalink/2132313573520816,素杂饭RM6.50起,#Chinese中餐 #Vegetarian Mixed Rice素杂饭 #Economy Noodles经济面 ,#Hawker Stall档口 #Vegetarian素食 ,average一般,0,0
4309,Living Seed Vegetarian Restaurant at Suria Sabah 新翠园素食馆在沙巴曙光购物广场,"Lot 1-35A, First Floor, Suria Sabah Shopping Mall, Jalan Tuan Fuad Stephen, 88000 Kota Kinabalu, Sabah. ",0162025233,Morning    Afternoon    Night    ,"Business Hour : 10.00am to 10.00pm 
Open daily 
Updated 20/5/2022",above McDonald’s,5.986681,116.077449,vsmAlice,.,2019-12-12 23:44:23,2022-05-20 15:12:58,004309_1aa2019-12-13_14-22-05.jpg*,https://www.facebook.com/groups/781347675284086/permalink/2625865180832317,小炒RM9.50起 ,#Chinese中餐 #Noodles Soup/Noodles面汤/面食类 #Vegetarian Mixed Rice素杂饭 #Chinese Dishes煮炒 #Snack小吃 ,#Restaurant餐厅 #Vegetarian素食 #Air-cond冷气 #Feast酒席 ,average一般,0,0
3460,Kam Yen at Restoran Yee Huat Food Court 感恩素食在 2 发美食中心,"No.32A-G, Jalan Putra Impiana 1, Taman Putra Impiana, 47100 Puchong, Selangor.",0126225512,Morning    Afternoon    Night,"Business Hour : 8.30am to 2.30pm , 6.00pm to 9.30pm
Rest day : Thursday
Updated 31/3/2022

","Tel:0166682083
Street view not available",2.9787988,101.6017986,vsmAlice,Kam Yen 感恩素食馆 亲戚关系,2018-08-08 19:59:08,2022-04-11 16:56:26,003460_1aa2019-09-08_22-50-08.jpg*,https://www.facebook.com/groups/781347675284086/permalink/2050292448389596,"面食类RM6.00起, 单座RM7.00起",#Chinese中餐 #Noodles Soup/Noodles面汤/面食类 #Ala Carte单座 ,#Hawker Stall档口 #Vegetarian素食 #Delivery外卖服务 ,budget经济,0,1
5204,Vegetarian Food at Bawanie Corner 菩提道素食在大路旁,"No.495, Batu 3, Jalan Ipoh, Taman Milion, 51200 Kuala Lumpur.",01160569122,Morning    Afternoon    ,"Business Hour : 7.00am to 2.00pm
Rest day : Weekends & Public Holidays
Updated 22/8/2022","Opposite Public Bank, Batu 3, Jalan Ipoh  ",3.181533,101.682302,vsmAlice,,2022-08-22 14:38:28,2022-08-22 14:38:52,005204_aa.jpg*,https://www.facebook.com/groups/781347675284086/permalink/5924520280966774,素杂饭RM6.00起,#Chinese中餐 #Vegetarian Mixed Rice素杂饭 ,#Hawker Stall档口 #Vegetarian素食 ,budget经济,0,1
2599,Vegetarian stall at Kedai Kopi LST  素食档在老食堂咖啡店,"No.3410,Jalan Ooi Kar Seng, 14300 Nibong Tebal, Pulau Pinang.",0146048691,Morning    Afternoon    ,Business Hour : 7.00am to 12.00pm Rest day : Monday Updated 17/5/2022,每日特餐 : 椰浆饭，素G饭 & 粥,5.167983,100.476113,vsmSelina,Private 01138091435,2017-03-09 17:28:59,2022-05-17 20:17:58,002599_1aa2019-08-24_18-35-13.jpg*,https://www.facebook.com/groups/781347675284086/permalink/1289262877825894,面汤/面食类 RM5.00 起,#Chinese中餐 #Noodles Soup/Noodles面汤/面食类 #Everyday Special每日特餐 ,#Hawker Stall档口 #Vegetarian素食 ,budget经济,0,1
154,OK Vegetarian Food OK素食店,"No.11, Jalan Bayan 31, Taman Megah Ria, 81750 Masai, Johor.",0177717108,Morning Afternoon ,"Business Hour : 7.00am to 3.00pm 
Rest day : Sunday
Updated 4/4/2022","Tel:0137437108
",1.498507,103.856022,vsmAlice, ,2016-01-01 07:17:55,2022-05-19 11:20:36,000154_aa.jpg*,https://www.facebook.com/groups/781347675284086/permalink/926691304083055,面食类RM5.50起 ,#Chinese中餐 #Noodles Soup/Noodles面汤/面食类 #Rice饭类 #Vegetarian Mixed Rice素杂饭 #Economy Noodles经济面 #Fried Noodles/Rice炒面饭类 #Everyday Special每日特餐 #Vegetarian Frozen Food Available售卖素料 ,#Restaurant餐厅 #Vegetarian素食 ,budget经济,0,1
4962,Vegetarian stall at Asian Food Recipe 素食档在亚洲美食阁,"Jalan SL1/4, Bandar Sungai Long,  43200 Kajang Selangor. ",01120923332,Morning    Afternoon    ,"Business Hours : 7.30am to 2.30pm
Rest day  : Monday 
Updated 31/5/2022",,3.039073,101.793434,vsmAlice,,2021-12-30 00:04:29,2022-06-01 09:57:02,004962_aa.jpeg*,https://www.facebook.com/groups/781347675284086/permalink/5230776867007789,饭类RM7.00起 ,#Chinese中餐 #Noodles Soup/Noodles面汤/面食类 #Rice饭类 #Fried Noodles/Rice炒面饭类 ,#Hawker Stall档口 #Vegetarian素食 ,average一般,0,0
3275,Blissful Cottage,"No.25, Jalan Temenggung 9/9, Bandar Mahkota Cheras, 43200 Cheras, Selangor.",186694779,Morning    Afternoon    ,"Business Hour: 9.00am to 5.00pm 
Rest day: Sunday 
Updated 12/4/2022",Selangor postcode,3.052053,101.787813,vsmAlice,,2018-04-13 20:34:11,2022-04-12 16:32:24,003275_1aa2018-04-13_21-21-58.jpg*,https://www.facebook.com/groups/781347675284086/permalink/1670182526400592,ala carte RM19.00 onwards,#Chinese中餐 #Ala Carte单座 #Everyday Special每日特餐 #Cake蛋糕 #Bread面包  #Organic Food有机食物 ,#Cafe咖啡厅 #Vegetarian素食 #Wifi无线网络 #Air-cond冷气 #Buffet自由餐 #Delivery外卖服务 ,above average中上,0,0
1839,Kedai Makan Sayur-sayuran Pu Ti 菩提素食馆,"No.21, Taman Naga, Jalan Seremban, 71010 Lukut, Port Dickson, Negeri Sembilan.  ",123281083,Morning Afternoon ,"Business Hour : 7.00am to 3.00pm
Rest day : 2nd & 16th of lunar month 
Updated 4/5/2022
",opposite Lukut Petronas petrol station,2.566234,101.823769,vsmAlice,0,2016-04-05 23:18:07,2022-05-04 15:41:08,001839_1aa2017-09-12_01-07-12.jpg*,https://www.facebook.com/groups/781347675284086/permalink/1866351583450351,面食类RM7.00起,#Chinese中餐 #Noodles Soup/Noodles面汤/面食类 #Vegetarian Mixed Rice素杂饭 #Vegetarian Frozen Food Available售卖素料 ,#Restaurant餐厅 #Vegetarian素食 #Feast酒席 #Buffet自由餐 ,average一般,0,0
3882,7N Vegetarian stall at Medan Selera DBKL Taman Cheras Makmur 7N 医食之家在蕉赖花园的DBKL小贩中心,"Jalan 3/96A, Taman Cheras Makmur, Cheras 56100, Kuala Lumpur.",126797133,Morning    Afternoon    ,"Business Hour : 6.30am to 1.30pm  
Rest day : Sunday 
Updated 4/7/2022",,3.101815,101.740624,vsmAlice,Same Owner with Vegetarian's Corner at Pusat Penjaja Taman Desa Aman,2019-04-19 21:38:09,2022-07-04 10:12:24,003882_1aa2019-04-20_09-18-05.jpg*,https://www.facebook.com/groups/781347675284086/permalink/2181901958561977,面食类RM7.00起,#Chinese中餐 #Noodles Soup/Noodles面汤/面食类 ,#Hawker Stall档口 #Vegetarian素食 ,average一般,0,0
4517,Kedai Makanan Fong Kim Kee 慈航素食茶楼,"No.36, Jalan Meriam, 84000 Muar, Johor.",126090342,Morning    Afternoon    Night    ,"Business Hour : 6.30am to 2.00pm , 5.00pm to 9.00pm Rest day : Tuesday 
Updated 13/4/2022",,2.048213,102.569865,vsmAlice,.,2020-07-17 14:05:49,2022-05-19 09:57:20,004517_aa.jpg*,https://www.facebook.com/groups/781347675284086/permalink/3530951350323691,面食类RM5.00起,#Chinese中餐 #Noodles Soup/Noodles面汤/面食类 #Rice饭类 #Chinese Dishes煮炒 #Everyday Special每日特餐 #Weekend Special周末特餐 #Snack小吃 ,#Restaurant餐厅 #Vegetarian素食 ,budget经济,0,1
709,Merryland Vegetarian Restaurant  雅阁素食餐厅,"No.46, Jalan Bakawali 48, Taman Johor Jaya, 81100 Johor Bahru, Johor.",73540387,Morning Afternoon Night ,"Business Hour : 10.00am to  8.30pm
Rest day : Tuesday
Updated 9/4/2022",Tel:0127639264,1.542452,103.795111,vsmAlice,0,2016-02-01 15:07:37,2022-04-09 15:40:45,000709_1aa2017-07-13_15-49-04.jpg*000709_1saa2020-01-02_01-51-01.jpg*000709_1sab2020-01-02_01-51-01.jpg*000709_1sac2020-01-02_01-51-01.jpg*000709_1sad2020-01-02_01-51-01.jpg*000709_1sae2020-01-02_01-51-01.jpg*000709_1saf2020-01-02_01-51-01.jpg*000709_1sag2020-01-02_01-51-01.jpg*000709_1sah2020-01-02_01-51-01.jpg*000709_1sai2020-01-02_01-51-01.jpg*000709_1saj2020-01-02_01-51-01.jpg*000709_1sak2020-01-02_01-51-01.jpg*000709_1sal2020-01-02_01-51-01.jpg*000709_1sam2020-01-02_01-51-01.jpg*,https://www.facebook.com/groups/781347675284086/permalink/3984171478335007,小炒RM8.50起,#Chinese中餐 #Vegetarian Mixed Rice素杂饭 #Chinese Dishes煮炒 ,#Restaurant餐厅 #Vegetarian素食 #Wifi无线网络 #Air-cond冷气 #Feast酒席 #Buffet自由餐 #Credit Card信用卡 ,average一般,1,0
4147,Vegetarian stall at Restoran Sembilan Lapan Sembilan Lapan 素食档在9898饮食中心,"No.87, Lorong Bukit Panchor, Taman Bukit Panchor 2, 14300 Nibong Tebal, Pulau Pinang. ",1113257189,Morning    ,"Business Hour : 7.00am to 11.00am Rest day : Sunday and the day before 1st & 15th of lunar month
Updated 17/5/2022",初一十五只卖杂菜饭,5.176598,100.487502,vsmSelina,,2019-08-25 13:56:33,2022-06-05 22:07:16,004147_aa.jpg*,https://www.facebook.com/groups/781347675284086/permalink/2403214526430718,素鸡饭RM4.00起，面类RM4.50起,#Chinese中餐 #Noodles Soup/Noodles面汤/面食类 #Rice饭类 #Everyday Special每日特餐 ,#Hawker Stall档口 #Vegetarian素食 ,budget经济,0,1
2403,Vegetarian Lei Char at Heng Park Restaurant 素食擂茶档在忝兴美食坊,"No.24-01, Jalan Nusantara 11/7, Taman Nusantara, 81550 Gelang Patah, Johor.",137410898,Afternoon    ,"Business Hour : 12.00pm to 3.00pm 
Rest day : uncertain Thursday
Updated 19/5/2022",,1.458743,103.584863,vsmAlice,"Siyi Chang Update 12/6/2019
一次上门，一次手机联络老板娘，她坚持不要贴VSM的海报。",2016-10-27 16:41:40,2022-05-19 14:23:35,002403_aa.jpg*,https://www.facebook.com/groups/781347675284086/permalink/1144576698961180,擂茶RM7.00起,#Chinese中餐 #Hakka Ground Tea擂茶 ,#Hawker Stall档口 #Vegetarian素食 ,average一般,0,0
3416,Sheng Kang Vegetarian Centre at F And H Kopitiam 圣康素食中心在福海茶室,"No.60, Jalan Padungan, 93100 Kuching, Sarawak.",128949366,Morning    Afternoon    ,"Business Hour: 11.15am to 1.30pm 
Rest day: weekends & Public Holidays 
Updated 25/5/2022",.,1.556335,110.354229,vsmAlice,,2018-07-10 21:36:14,2022-05-29 20:55:02,003416_aa.jpeg*,https://www.facebook.com/groups/781347675284086/permalink/1772248662860644,素杂饭RM3.50起,#Chinese中餐 #Vegetarian Mixed Rice素杂饭 ,#Hawker Stall档口 #Vegetarian素食 ,budget经济,0,1
1454,Savoury Brink Vegetarian Restaurant  香缘素食店,"No.452C, Jalan Besar, Kampung Baru, 42800 Tanjung Sepat, Selangor. ",126879098,Morning  ,"Business Hour : 5.30am to 12.30pm 
Rest day : 2nd & 16th of lunar month 
Updated 12/4/2022",,2.660196,101.561196,vsmAlice,0,2016-02-25 18:17:06,2022-04-12 17:43:11,001454_1aa2017-11-08_13-12-23.JPG*,https://www.facebook.com/groups/781347675284086/permalink/802892589796261,素杂饭RM5.00起,#Chinese中餐 #Vegetarian Mixed Rice素杂饭 ,#Restaurant餐厅 #Vegetarian素食 #Feast酒席 ,budget经济,0,1
4631,Angie Vegetarian 安琪素食,"Gerai No.3 ＆ 4, Jalan Prima Setapak, Taman P. Ramlee, 53100 Kuala Lumpur.",1116018855,Morning    Afternoon    ,"Business Hour : 8.30am to 2.00pm
Rest day : Monday
Updated 18/5/2022",,3.197792,101.709775,vsmAlice,,2020-10-07 13:47:09,2022-05-18 20:50:37,004631_aa.jpg*,https://www.facebook.com/groups/781347675284086/permalink/3886685911416898,小炒RM7.00起,#Chinese中餐 #Vegetarian Mixed Rice素杂饭 #Fried Noodles/Rice炒面饭类 #Snack小吃 ,#Hawker Stall档口 #Vegetarian素食 ,average一般,0,0
1608,Vegetarian stall at Restaurant Xin Fong Inn 素食档在薪鸿运饮食中心,"No.1, Lorong Teja 1, Taman keladi, 08000 Sungai Petani, Kedah.",164305205,Morning ,"Business Hour : 7.00am to 10.30am Rest day : Friday 
Updated 6/5/2022",星期日有素G饭或椰浆饭 ; 初一十五只提供素杂饭,5.615198,100.5035,vsmSelina,0,2016-03-01 15:25:49,2022-05-06 17:33:01,001608_1aa2019-07-05_22-10-03.jpg*001608_1saa2019-07-05_22-27-55.jpg*001608_1sab2019-07-05_22-27-55.jpg*001608_1sac2019-07-05_22-27-55.jpg*001608_1sad2019-07-05_22-27-55.jpg*,https://www.facebook.com/groups/781347675284086/permalink/899321043486748,面汤/面食类 RM4.00 起,#Chinese中餐 #Noodles soup/noodles面汤/面食类 #Everyday Special每日特餐 #Weekend Special周末特餐 ,#Hawker Stall档口 #Vegetarian素食 ,budget经济,1,1
2518,Sandalo 香道湾,"No.31,Jalan SS 21/56B,Petaling Jaya,47400 Selangor.",374976356,Morning    Afternoon    Night    ,"Business Hour : 11.00am to 3.00pm , 5.30pm to 9.30pm  
Rest day : Saturday
Updated 9/8/2022


","Tel:01139169828
Tel:0175739796
Mixed rice only available on weekdays ",3.137911,101.621966,vsmAlice,0,2017-01-09 22:46:42,2022-08-09 14:44:23,002518_aa.jpg*,https://www.facebook.com/groups/781347675284086/permalink/1233468043405378,"ala carte RM10.90 onwards
",#Chinese中餐 #Noodles Soup/Noodles面汤/面食类 #Rice饭类 #Vegetarian Mixed Rice素杂饭 #Ala Carte单座 #Steamboat火锅 ,#Restaurant餐厅 #Vegetarian素食 #Wifi无线网络 #Air-cond冷气 #Delivery外卖服务 #Credit Card信用卡 ,average一般,0,0
225,Yuan Xing Vegetarian 圆欣素食馆,"No.56, Jalan Laksamana 2, Taman Ungku Tun Aminah, 81300 Skudai, Johor. ",167065080,Afternoon Night ,"Business Hour : 11.30am to 8.00pm 
Rest day : alternate Monday 
Updated 10/4/2022
 


",". 
",1.525599,103.667531,vsmAlice,0,2016-01-10 20:24:42,2022-04-10 22:07:44,000225_1aa2022-04-10_22-07-44.jpg*,https://www.facebook.com/groups/781347675284086/permalink/1229321177153398,小炒RM6.50起 ,#Chinese中餐 #Chinese Dishes煮炒 #Ala Carte单座 #Noodles soup/noodles面汤/面食类 #Rice饭类 #Everyday Special每日特餐 #Bakkuteh素肉骨茶 #Vegetarian Chops素扒 ,#Restaurant餐厅 #Vegetarian素食 #Feast酒席 #Buffet自由餐 ,average一般,0,0
3765,Three O Cafe 圆缘园,"No.56, Jalan Kempas Utama 2/4, Taman Kempas Utama, 81300 Johor Bahru, Johor.
",75114438,Morning    Afternoon     ,"Business Hour : 8.00am to 3.30pm 
Open daily
Updated 6/4/2022", ,1.547306,103.706119,vsmAlice, ,2019-03-02 20:38:30,2022-05-19 10:11:53,003765_1aa2019-08-05_10-38-45.jpg*,https://www.facebook.com/groups/781347675284086/permalink/2108763309209176 ,"面食类RM7.00起
",#Chinese中餐 #Noodles Soup/Noodles面汤/面食类 #Chinese Dishes煮炒 #Weekend Special周末特餐 #Snack小吃 #Organic Food有机食物 ,#Restaurant餐厅 #Vegetarian素食 #Air-cond冷气 ,average一般 ,0,0
2429,Vegetarian noodles stall at Kedai Makanan Dan Minuman 918  素食面档在918饮食中心,"Jalan Raja Uda, Taman Bunga Raya, 12300 Butterworth, Pulau Pinang.",125372366,Morning    ,Business Hour : 7.00am to 10.00am Rest day : Thursday (Friday close if 1st & 15th of lunar month fall on Thursday) Updated 10/04/2022,"Raja Uda Appolo巴刹对面店屋。初一十五会有nasi lemak。若有接到宴席订单就会休息
",5.43813,100.38661,vsmSelina,0,2016-11-16 16:12:19,2022-04-12 18:16:28,002429_1aa2018-06-01_21-34-09.jpg*,https://www.facebook.com/groups/781347675284086/permalink/1716912231727621,面汤/面食类 RM4.50 起,#Chinese中餐 #Noodles Soup/Noodles面汤/面食类 ,#Hawker Stall档口 #Vegetarian素食 #Feast酒席 #Buffet自由餐 ,budget经济,0,1
1453,Moon Flower at Kota Kinabalu 月桦素食 ,"Lot 2-0-3, Kolam Center, Phase 2, 88300 Kota Kinabalu, Sabah.",88225655,Morning Afternoon Night ,"Business Hour : 7.00am to 2.00pm , 5.30pm to 8.30pm Rest day : Thursday 
Updated 20/5/2022

",Tel:0163896300,5.949714,116.092126,vsmAlice,same owner with new moon flower,2016-02-25 18:13:52,2022-05-20 15:29:34,001453_aa.jpg*,https://www.facebook.com/groups/781347675284086/permalink/1283349621750553,"面食类RM8.50起  

 ",#Chinese中餐 #Vegetarian Mixed Rice素杂饭 #Economy Noodles经济面 #Chinese Dishes煮炒  #Snack小吃 #Yong Tau Foo酿豆腐 ,#Restaurant餐厅 #Vegetarian素食 #Feast酒席 #Buffet自由餐 #Outdoor Catering上门到会 ,average一般,0,0
1813,Bio Organic  菜根香有机素食轩,"No.41, Jalan Dedap 4, Taman Johor Jaya, 81100 Johor. ",167180916,Morning Afternoon ,"Business Hour : 10.00am to 6.00pm ; Saturday 10.00am to 4.00pm
Rest day : Sunday 
Updated 5/4/2022",Tel:073531675,1.541037,103.803915,vsmAlice,0,2016-03-19 12:36:55,2022-04-10 20:53:14,001813_1aa2016-08-15_16-34-30.jpg*,https://www.facebook.com/groups/781347675284086/permalink/983472565071595,"ala carte RM9.90 onwards	
",#Chinese中餐 #Ala Carte单座  #Organic Food有机食物  ,#Restaurant餐厅 #Vegetarian素食 #Wifi无线网络 #Air-cond冷气 #Buffet自由餐 #Credit Card信用卡 ,average一般,0,0
1289,Healthy Choice 素康素食坊 ,"No.24, Jalan TK 1/11B, Taman Kinrara, 47100 Puchong, Selangor.",380708913,Morning Afternoon Night ,"Business Hour : 9.00am to 8.00pm 
Rest day : Sunday
Updated 20/5/2022",.,3.064131,101.648221,vsmAlice,New owner 25/4/2021,2016-02-24 18:05:47,2022-05-20 21:56:37,001289_1aa2021-04-25_22-16-44.jpg*,https://www.facebook.com/groups/781347675284086/permalink/4445068125578671,面食类RM5.50起,#Chinese中餐 #Vegetarian Mixed Rice素杂饭 #Economy Noodles经济面 #Fried Noodles/Rice炒面饭类 #Noodles soup/noodles面汤/面食类 #Rice饭类 #Snack小吃  #Bakkuteh素肉骨茶  ,#Restaurant餐厅 #Vegetarian素食 ,budget经济,0,1
5045,Vegetarian's Corner at DBKL (Taman Segar) Multi Tier Car Park,"Stall no.28, Pusat Penjaja, Ground Flour , Jalan Manis 6, Taman Segar Cheras, 56100 Kuala Lumpur.",127340750,Morning    Afternoon    ,"Business Hour : 7.30am to 2.45pm
Rest day : Tuesday 
Updated 23/4/2022","Tel:0126797133
opposite BSN ",3.088862,101.742304,vsmAlice,,2022-04-23 16:28:21,2022-04-23 16:43:51,005045_aa.jpg*,https://www.facebook.com/groups/781347675284086/permalink/5586516288100510,面食类RM7.00起,#Chinese中餐 #Noodles Soup/Noodles面汤/面食类 #Rice饭类 #Economy Noodles经济面 #Fried Noodles/Rice炒面饭类 #Burger素汉堡 #Snack小吃 ,#Hawker Stall档口 #Vegetarian素食 ,average一般,0,0
1552,Vegetarian stall at Pasar Sin On 天然美味素食在新安综合巴刹,"Gerai No.21, Pasar Sin On, Jalan Sin On, 91000 Tawau, Sabah. ",138838860,Morning ,"Business Hour: 6.30am to 12.00pm 
Rest day: 2nd & 16th of lunar month 
Updated 19/5/2019",.,4.272938,117.904534,vsmAlice,Vendor do not allow to paste the poster-by carmen,2016-02-27 21:10:15,2019-05-20 14:31:43,001552_1aa2019-05-19_11-43-53.jpg*001552_1aa2019-05-19_11-55-40.jpg*,https://www.facebook.com/groups/781347675284086/permalink/2230080500410789,"素杂饭RM5.50起,面汤RM6.00起,小炒RM7.00起",#Chinese中餐 #Vegetarian Mixed Rice素杂饭 #Economy Noodles经济面 #Fried Noodles/Rice炒面饭类 #Noodles soup/noodles面汤/面食类 #Yong Tau Foo酿豆腐 ,#Hawker Stall档口 #Vegetarian素食 ,average一般,0,0
5015,Green Leaf ,"MDLD 7139, Lot 173, Ground Floor, Bandar Sri Perdana, Phase 3, Jalan Silam, 91100 Lahad Datu, Sabah. ",167083018,Morning    Afternoon    Night    ,"Business Hour : 10.30am to 2.00pm , 5.00pm to 8.30pm 
Rest day : Monday 
Updated 26/5/2022",,5.027123,118.294423,vsmAlice,,2022-03-30 11:08:05,2022-05-26 18:38:14,005015_aa.jpg*,https://www.facebook.com/groups/781347675284086/permalink/5523695857715887,小炒RM8.00起,#Chinese中餐 #Chinese Dishes煮炒 #Snack小吃 ,#Restaurant餐厅 #Vegetarian素食 #Air-cond冷气 ,average一般,0,0
3448,CunThi Good Taste Vegetarian 准提素食馆,"No.151, Lebuh Noordin, 10300 Georgetown, Penang.",164939056,Morning    Afternoon    ,"Business Hour : 8.30am to 4.00pm Rest day : Monday (If 1st & 15th of lunar month fall on Monday, next day will be their rest day.)
Updated 18/5/2022",不吃蛋者请预先告知 ；堂食只限两桌 ；星期六有Laksa & Nasi Kandar ；初一十五有福建面，粥和卤饭。,5.412627,100.329361,vsmSelina,28/2/2020 Recommended by Tan Lee Chien (1/3/20 LCW) ,2018-08-02 00:36:29,2022-05-18 15:41:54,003448_1aa2018-08-05_12-33-23.jpg*003448_1saa2020-03-01_19-16-22.jpg*003448_1sab2020-03-01_19-16-22.jpg*003448_1sac2020-03-01_19-16-22.jpg*003448_1sad2020-03-01_19-16-22.jpg*003448_1sae2020-03-01_19-16-22.jpg*003448_1saf2020-03-01_19-16-22.jpg*003448_1sag2020-03-01_19-16-22.jpg*003448_1sah2020-03-01_19-16-22.jpg*003448_1sai2020-03-01_19-16-22.jpg*,https://www.facebook.com/groups/781347675284086/permalink/1805921536160023,小炒RM7.00起，素蚝煎RM11.00起 ,#Chinese中餐 #Fried Noodles/Rice炒面饭类 #Everday Special每日特餐 #Weekend Special周末特餐 #Vegetarian Fried Oyster素蚝煎 ,#Restaurant餐厅 #Vegetarian素食 ,average一般,1,0
4447,Vegetarian stall at All Five Restaurant & Food Court Centre 明心在5555美食阁,"No.2 Jalan Setia 3/3, Taman Setia Indah, 81100 Johor Bahru, Johor.",143662918,Morning    Afternoon    Night    ,"Business Hour : 7.00am to 7.30pm 
Rest day : Monday
Updated 13/4/2022",Tel:0183622849,1.573831,103.756417,vsmAlice,.,2020-05-29 15:58:04,2022-04-13 14:44:30,004447_1aa2020-05-31_10-22-28.jpg*,https://www.facebook.com/groups/781347675284086/permalink/3138740322878131,面食类RM6.00起 ,#Chinese中餐 #Noodles Soup/Noodles面汤/面食类 #Rice饭类 #Fried Noodles/Rice炒面饭类 #Bakkuteh素肉骨茶 #Yong Tau Foo酿豆腐 ,#Hawker Stall档口 #Vegetarian素食 ,budget经济,0,1
567,Vegetarian stall at Hou Fok Coffee House 素食档在食得福茶室,"No.383-C, Lorong Medan Pasar, Taman Sin Hoe, Bukit Baru, 75150 Melaka.",162619811,Morning Afternoon ,"Business Hour : 7.30am to 2.00pm 
Rest day : 2nd & 16th of lunar month 
Updated 23/5/2022",Tel:0162615811 ,2.216782,102.266277,vsmAlice,0,2016-01-28 13:25:32,2022-05-23 11:13:33,000567_1aa2019-10-22_10-13-50.jpg*,https://www.facebook.com/groups/781347675284086/permalink/2514357325316437,小炒RM7.00起,#Chinese中餐 #Vegetarian Mixed Rice素杂饭 #Economy Noodles经济面 #Fried Noodles/Rice炒面饭类 #Everyday Special每日特餐 #Weekend Special周末特餐 ,#Hawker Stall档口 #Vegetarian素食 ,average一般,0,0
1655,Fang Yuan 风味素食,"B20, Groud Floor, Off Jalan Haji Ahmad 4, 25200 Kuantan, Pahang.",169637619,Morning Afternoon ,"Business Hour: 7.30am to 3.00pm 
Rest day: Monday (if 1st & 15th of lunar month fall on Monday, next day will be their rest day)
Updated 19/4/2022",Tel:0169637071,3.820699,103.330352,vsmAlice,.,2016-03-02 17:11:58,2022-05-19 10:38:17,001655_1aa2020-09-18_19-20-53.jpg*,https://www.facebook.com/groups/781347675284086/permalink/3840000419418781,小炒RM6.50起,#Chinese中餐 #Vegetarian Mixed Rice素杂饭 #Economy Noodles经济面 #Fried Noodles/Rice炒面饭类 #Noodles soup/noodles面汤/面食类 #Rice饭类 #Weekend Special周末特餐  ,#Hawker Stall档口 #Vegetarian素食 #Buffet自由餐 ,average一般,0,0
402,L.C.Vegetarian Food & Organic Mart 绿源素食,"No.652A, Jalan Delima 5,  Taman Bukit Melaka, Bukit Beruang, 75450 Melaka.",62320563,Morning Afternoon Night ,"Business Hour : 10.30am to 2.00pm , 5.00pm to 9.00pm 
Rest day : Monday 
Updated 5/7/2022

",Tel:0166122663,2.24531,102.275053,vsmAlice,0,2016-01-23 15:03:37,2022-07-05 19:30:05,000402_1aa2017-07-12_09-51-40.jpg*000402_1aa2017-07-12_09-58-15.jpg*000402_1ab2017-07-12_09-58-15.jpg*000402_1ac2017-07-12_09-58-15.jpg*000402_1ad2017-07-12_09-58-15.jpg*000402_1ae2017-07-12_09-58-15.jpg*000402_1af2017-07-12_09-58-15.jpg*000402_1ag2017-07-12_09-58-15.jpg*000402_1ah2017-07-12_09-58-15.jpg*000402_1ai2017-07-12_09-58-15.jpg*000402_1aj2017-07-12_09-58-15.jpg*000402_1ak2017-07-12_09-58-15.jpg*000402_1al2017-07-12_09-58-15.jpg*000402_1am2017-07-12_09-58-15.jpg*000402_1an2017-07-12_09-58-15.jpg*000402_1ao2017-07-12_09-58-15.jpg*000402_1ap2017-07-12_09-58-15.jpg*000402_1aq2017-07-12_09-58-15.jpg*000402_1ar2017-07-12_09-58-15.jpg*000402_1as2017-07-12_09-58-15.jpg*000402_1at2017-07-12_09-58-15.jpg*000402_1aa2017-07-12_09-58-40.jpg*,https://www.facebook.com/groups/781347675284086/permalink/1414460845306096,小炒RM8.00起,#Chinese中餐 #Ala Carte单座 ,#Restaurant餐厅 #Vegetarian素食 #Air-cond冷气 ,average一般,1,0
4694,Crown Colony Cuisine at Jaya Shopping Centre,"L3-15, Jaya Shopping Centre, Jalan Professor Khoo Kay Kim, Petaling Jaya Section 14, 46100 Selangor.",379321523,Morning    Afternoon    Night    ,"Business Hour : 10.30am to 8.00pm
Rest day : Wednesday  
Updated 14/4/2022",.,3.109331,101.636907,vsmAlice,,2020-12-03 23:36:15,2022-04-14 19:08:18,004694_1aa2020-12-04_08-09-26.jpg*,https://www.facebook.com/groups/781347675284086/permalink/4057970914288396,ala carte RM22.00 onwards,#Fusion无国界料理 #Ala Carte单座 ,#Restaurant餐厅 #Vegetarian素食 #Air-cond冷气 #Buffet自由餐 #Delivery外卖服务 #Credit Card信用卡 ,higher range偏高,0,0
5155,U & Me,"174, Jalan Tasek Mutiara 2, Bandar Tasek Mutiara, 14120 Simpang Ampat, Penang.",1154167168,Afternoon    Night    ,"Business Hour : 12.00pm to 9.00pm
Rest day : Tueday
Updated 2/9/2022",人手不足建议预定 ；周末有waffle burger set,5.278121,100.485322,vsmSelina,,2022-07-04 15:39:06,2022-09-02 18:00:51,005155_aa.jpg*,https://www.facebook.com/groups/781347675284086/permalink/5771662372919233,关东煮套餐RM7.00起,#Chinese中餐 #Western西餐 #Everday Special每日特餐 #Weekend Special周末特餐 #Snack小吃 ,#Cafe咖啡厅 #Vegetarian素食 #Wifi无线网络 #Air-cond冷气 #Delivery外卖服务 ,average一般,0,0
2030,Sayuran Yen-Yen 圆缘素食,"P-173, Jalan Ooi Kar Seng, 14300 Nibong Tebal, Pulau Pinang.",124745275,Morning Afternoon ,"Business Hour : 7.00am to 2.00pm ; 1st & 15th of lunar month 6.00am to 2.00pm Rest day : Sunday and 2nd & 16th of lunar month 
Updated 22/5/2022",黄家城街印度廟对面,5.16756,100.476721,vsmSelina,已经顶起店面，但谢水金茶室招牌还在店里。,2016-06-06 14:13:58,2022-05-22 20:47:38,002030_1aa2019-08-24_18-46-03.jpg*,https://www.facebook.com/groups/781347675284086/permalink/1039435682808616,面汤/面食类 RM4.50 起 ,#Chinese中餐 #Noodles Soup/Noodles面汤/面食类 #Vegetarian Mixed Rice素杂饭 #Economy Noodles经济面 #Everyday Special每日特餐 ,#Restaurant餐厅 #Vegetarian素食 #Buffet自由餐 ,budget经济,0,1
5087,Roots,"No.1, Jalan Austin Heights 3, Taman Mount Austin, 81100 Johor Bahru, Johor.",1156928799,Morning    Afternoon    Night    ,"Business Hour : 11.00am to 10.00pm
Rest day : Wednesday
Updated 12/7/2022",,1.559505,103.780984,vsmAlice,,2022-05-20 06:58:29,2022-07-12 16:54:34,005087_aa.jpg*,https://www.facebook.com/groups/781347675284086/permalink/5660420044043467,ala carte RM15.00 onwards,#Western西餐 #Burger素汉堡 #Pizza披萨 #Spaghetti意大利面 #Bread面包 #Snack小吃 ,#Restaurant餐厅 #Vegetarian素食 #Wifi无线网络 #Air-cond冷气 #Credit Card信用卡 ,above average中上,0,0
3746,Gan Ens Vegetarian Restaurant 感恩有您素菜馆,"No.9G, Jalan Pandan Indah 4/6, Pandan Indah, 55100 Kuala Lumpur.",126932003,Morning    Afternoon       ,"Business Hour : 7.30am to 3.30pm 
Open daily 
Updated 29/3/2022
",,3.130529,101.753515,vsmAlice,"same owner
Gan En Vegetarian Restaurant 感恩有您斋菜馆",2019-02-18 12:21:32,2022-03-31 14:05:17,003746_aa.jpg*,https://www.facebook.com/groups/781347675284086/permalink/2090623261023181,素杂饭RM3.50起,#Chinese中餐 #Vegetarian Mixed Rice素杂饭 #Economy Noodles经济面 #Everday Special每日特餐 ,#Restaurant餐厅 #Vegetarian素食 #Air-cond冷气 #Buffet自由餐 ,budget经济,0,1
1584,Jufu Vegetarian 聚福素餐食家,"No.20 & 21, Jalan Tengah, Off Jalan Putera, 05100 Alor Setar, Kedah. ",47325208,Morning Afternoon Night ,"Business Hour : 10.00am to 3.00pm, 5.30pm to 9.00pm ; 1st & 15th of lunar month 8.00am to 9.00pm Rest day : Saturday (If 1st & 15th of lunar month fall on Saturday, next day will be their rest day.)
Updated 11/5/2022

","Tel:0164111530
Opposite Casa Station 

",6.124838,100.363858,vsmSelina,.,2016-03-01 13:35:24,2022-05-11 18:49:16,001584_1aa2019-09-02_14-33-30.jpg*,https://www.facebook.com/groups/781347675284086/permalink/1284161621669353,小炒 RM5.50 起,#Chinese中餐 #Vegetarian Mixed Rice素杂饭 #Chinese Dishes煮炒   ,#Restaurant餐厅 #Vegetarian素食 #Feast酒席 #Buffet自由餐 #Delivery外卖服务 ,budget经济,0,1
448,Vegipai 新素派,"No.37A, Jalan Desa Bakti, Taman Desa, 58100 Kuala Lumpur. ",379828184,Morning Afternoon Night ,"Business Hour : 11.00am to 9.00pm  
Open daily
Updated 23/4/2022",Tel:0168284662,3.1028523,101.6843759,vsmAlice,0,2016-01-24 17:42:29,2022-05-27 20:38:52,000448_1aa2018-06-18_15-09-37.jpg*,https://www.facebook.com/groups/781347675284086/permalink/1738287509590093,面食类RM11.90起,#Chinese中餐 #Western西餐 #Noodles Soup/Noodles面汤/面食类 #Ala Carte单座 #Chinese Dishes煮炒 #Pizza披萨 #Spaghetti意大利面 #Vegetarian Chops素扒 #Rojak #Snack小吃 ,#Cafe咖啡厅 #Vegetarian素食 #Wifi无线网络 #Air-cond冷气 #Feast酒席 #Buffet自由餐 #Credit Card信用卡 ,average一般,0,0
4900,"Restoran Sayur-sayuran 
鹿野苑素食料理坊","No.1G, Jalan Anggerik Vanilla U/31U, Kota Kemuning, 40460 Shah Alam, Selangor.",351314779,Morning    Afternoon    Night    ,"Business Hour : 10.00am to 3.00pm , 6.00pm to 9.30pm
Rest day : Monday
Updated 12/4/2022",Tel:0173751204,3.005729,101.536564,vsmAlice,,2021-11-07 20:25:51,2022-04-12 14:55:10,004900_aa.jpg*,https://www.facebook.com/groups/781347675284086/permalink/5028503037235174,小炒RM9.00起,#Chinese中餐 #Chinese Dishes煮炒 #Porridge粥 ,#Restaurant餐厅 #Vegetarian素食 #Air-cond冷气 #Feast酒席 #Buffet自由餐 ,average一般,0,0
1130,Wisma Than Hsiang 檀香寺  ,"No.132, Jalan Sultan Azlan Shah, 11900 Bayan Lepas, Pulau Pinang. ",109134882,Morning Afternoon ,"Servicing Hour : 9.00am to 1.30pm Open daily 
Updated 18/4/2022

","Tel:046414822
Tel:046415523
蛇庙同排 

",5.316266,100.286834,vsmSelina,"最后选择联系人 0124699550	
",2016-02-19 15:11:00,2022-04-18 17:22:09,001130_aa.jpg*,https://www.facebook.com/groups/781347675284086/permalink/3831156513636505,随缘,#Chinese中餐 #Vegetarian Mixed Rice素杂饭 #Economy Noodles经济面 ,#Restaurant餐厅 #Vegetarian素食 ,budget经济,0,1
1818,Spring Cafe 泉源饮食中心,"Lot 2795, Jalan Krokop 10A, 98000 Miri, Sarawak.",165213983,Morning,"Business Hour : 5.00am to 10.00pm  
Open daily 
Updated 24/5/2022",,4.426347,114.00109,vsmAlice,0,2016-03-22 20:37:52,2022-05-24 21:24:15,001818_aa.jpg*,https://www.facebook.com/groups/781347675284086/permalink/990736844345167,小炒RM4.50起,#Chinese中餐 #Noodles Soup/Noodles面汤/面食类 #Fried Noodles/Rice炒面饭类 #Weekend Special周末特餐 #Yong Tau Foo酿豆腐 ,#Restaurant餐厅 #Vegetarian素食 ,budget经济,0,1
4929,Vegetarian stall at Restoran JB 匠心素食在JB 吹水茶餐室,"No.0130, Block 34, Jalan Pendekar 1, Taman Ungku Tun Aminah 81300, Skudai, Johor.",167546226,Afternoon    Night    ,"Business Hour : 12.00pm to 10.00pm
Rest day : Saturday 
Updated 4/4/2022",,1.51248,103.651045,vsmAlice,,2021-12-01 17:48:04,2022-05-18 14:12:09,004929_1aa2022-05-18_14-12-09.jpg*,https://www.facebook.com/groups/781347675284086/permalink/5112534088832068,面食类RM6.50起,#Chinese中餐 #Noodles Soup/Noodles面汤/面食类 #Rice饭类 #Burger素汉堡 #Bakkuteh素肉骨茶 ,#Hawker Stall档口 #Vegan纯素 #Vegetarian素食 #Buffet自由餐 #Delivery外卖服务 ,average一般,0,0
3270,Roadside Vegetarian Indian stall at Taman Sentosa Klang,"Jalan Dato Yusuf Shahbudin 28, Taman Sentosa, 41200 Klang, Selangor. ",102490688,Morning    ,"Business Hour : 6.45am to 9.00am 
Rest day : Monday , Saturday & alternate Sunday 
Updated 24/3/2022
",In front  Joo Joo Kopitiam,3.006579,101.463591,vsmAlice,,2018-04-12 20:11:51,2022-03-24 14:16:51,003270_1aa2018-04-12_20-21-42.jpg*,https://www.facebook.com/groups/781347675284086/permalink/1669436239808554,Nasi lemak RM3.00起,#Indian印度餐 #Economy Noodles经济面  ,#Hawker Stall档口 #Vegan纯素 ,budget经济,0,1
2697,Vegetarian stall at Pasar MPAJ Pandan Jaya 素食档在MPAJ Pandan Jaya 的巴刹,"Jalan Pandan 3, Pandan Jaya, 55100 Kuala Lumpur.",166711281,Morning    ,"Business Hour : 6.00am to 10.30am  
Rest day : Monday 
Updated 29/3/2022",.,3.131044,101.738512,vsmAlice,"0178818615
",2017-05-12 11:01:09,2022-03-30 20:04:34,002697_1aa2019-06-23_11-28-52.jpg*,https://www.facebook.com/groups/781347675284086/permalink/2292194467532725,经济面RM2.80起,#Chinese中餐 #Economy Noodles经济面 ,#Hawker Stall档口 #Vegetarian素食 ,average一般,0,0
3574,Min See Vegetarian 明喜素食馆," Jalan Tuaran Bypass, Inanam Laut, 88450 Kota Kinabalu, Sabah.",162261004,Morning    Afternoon    ,"Business Hour : 6.45am to 2.45pm 
Rest day : Sunday & Public Holidays 
Updated 24/5/2022",Tel:0168322822,5.999876,116.126487,vsmAlice,,2018-10-30 13:56:50,2022-05-24 16:32:45,003574_aa.jpg*003574_ab.jpg*003574_ac.jpg*003574_ad.jpg*003574_ae.jpg*,https://www.facebook.com/groups/781347675284086/permalink/1922445967840912,小炒RM6.50起,#Chinese中餐 #Noodles Soup/Noodles面汤/面食类 #Vegetarian Mixed Rice素杂饭 #Economy Noodles经济面 #Chinese Dishes煮炒 #Everyday Special每日特餐 #Yong Tau Foo酿豆腐 #Snack小吃 ,#Restaurant餐厅 #Vegetarian素食 #Air-cond冷气 ,average一般,0,0
421,Imperial Art Cottage 文献坊,"No.27, Jalan Radin Anum 2, Sri Petaling 57000, Kuala Lumpur.",138892705,Afternoon Night ,"Business Hour : 11.30am to to 9.00pm 
Rest day : Thursday (if 1st & 15th of lunar month fall on Thursday , Wednesday will be their rest day )
Updated 4/3/2022


",,3.067851,101.691233,vsmAlice,0,2016-01-24 12:50:00,2022-03-07 19:37:04,000421_1aa2019-08-24_12-29-47.JPG*000421_1aa2018-05-16_14-54-06.jpg*000421_1aa2018-05-16_14-54-40.jpg*000421_1ab2018-05-16_14-54-40.jpg*000421_1ac2018-05-16_14-54-40.jpg*000421_1ad2018-05-16_14-54-40.jpg*000421_1ae2018-05-16_14-54-40.jpg*000421_1af2018-05-16_14-54-40.jpg*000421_1ag2018-05-16_14-54-40.jpg*000421_1ah2018-05-16_14-54-40.jpg*000421_1ai2018-05-16_14-54-40.jpg*000421_1aj2018-05-16_14-54-40.jpg*000421_1ak2018-05-16_14-54-40.jpg*000421_1al2018-05-16_14-54-40.jpg*000421_1am2018-05-16_14-54-40.jpg*000421_1an2018-05-16_14-54-40.jpg*000421_1ao2018-05-16_14-54-40.jpg*000421_1ap2018-05-16_14-54-40.jpg*000421_1aq2018-05-16_14-54-40.jpg*000421_1ar2018-05-16_14-54-40.jpg*000421_1as2018-05-16_14-54-40.jpg*000421_1at2018-05-16_14-54-40.jpg*,https://www.facebook.com/groups/781347675284086/permalink/836816213070565,ala carte RM9.90 onwards,#Chinese中餐 #Western西餐 #Japanese日本餐 #Noodles Soup/Noodles面汤/面食类 #Rice饭类 #Ala Carte单座 #Burger素汉堡 #Pizza披萨 #Spaghetti意大利面 #Vegetarian Chops素扒 #Bakkuteh素肉骨茶 #Sushi寿司 #Snack小吃 ,#Restaurant餐厅 #Vegetarian素食 #Air-cond冷气 #Delivery外卖服务 ,average一般,1,0
4118,Mito 米多,"Lot 387, 2nd Floor, Kuching Sentral 6th Mile, Jalan Penrissen, 93250 Kuching, Sarawak.",165211473,Morning    Afternoon     ,"Business Hour : 11.00am to 6.30pm 
Rest day : Wednesday 
Updated 21/5/2022",,1.482522,110.332527,vsmAlice,,2019-08-11 14:05:50,2022-05-21 21:43:19,004118_aa.jpeg*,https://www.facebook.com/groups/781347675284086/permalink/2374772099274961,饭类RM7.90起 ,#Chinese中餐 #Rice饭类 #Burger素汉堡 #Snack小吃 ,#Snack Station小食站 #Vegetarian素食 #Air-cond冷气 ,average一般,0,0
4742,Hailam Vege Kopitiam at Kuchai Entrepreneurs 海南头素食餐厅在鸿图园,"No.9, Jalan Kuchai Maju 13, Kuchai Entrepreneurs, Off Jalan Kuchai Lama, 58200 Kuala Lumpur.",379712708,Morning    Afternoon    Night    ,"Business Hour : 8.30am to 9.00pm
Open daily
Updated 7/4/2022",Tel:01123102300,3.090072,101.690167,vsmAlice,same owner with 素世界,2021-01-16 13:09:04,2022-05-27 23:38:22,004742_1aa2021-01-20_18-20-45.jpg*,https://www.facebook.com/groups/781347675284086/permalink/4167740546644765,小炒RM7.90起,#Chinese中餐 #Noodles Soup/Noodles面汤/面食类 #Rice饭类 #Fried Noodles/Rice炒面饭类 #Bread面包 #Hakka Ground Tea擂茶 #Snack小吃 ,#Restaurant餐厅 #Vegetarian素食 #Wifi无线网络 #Air-cond冷气 #Delivery外卖服务 ,average一般,0,0
5139,Vegetarian stall at Rong Hwa Dining House 鼎丰素食在永华茶室 (第三分行),"No.22, Jalan Dedap 15, Taman Johor Jaya, 81100 Johor Bahru, Johor.",167121692,Morning    Afternoon    ,"Business Hour : 6.30am to 2.30pm
Rest day : Monday  
Updated 20/6/2022",,1.542782,103.799695,vsmAlice,,2022-06-20 10:53:02,2022-06-20 10:54:54,005139_1aa2022-06-20_10-54-54.jpg*,https://www.facebook.com/groups/781347675284086/permalink/5750789508339853,面食类RM6.00起,#Chinese中餐 #Noodles Soup/Noodles面汤/面食类 #Rice饭类 #Fried Noodles/Rice炒面饭类 #Everyday Special每日特餐 #Weekend Special周末特餐 #Hakka Ground Tea擂茶 ,#Hawker Stall档口 #Vegetarian素食 ,budget经济,0,1
1627,Yisin Vegetarian Food Centre 怡沁园素食餐厅,"No.2, Jalan Titiwangsa 3/2, Taman Tampoi Indah, 81200 Johor Bahru, Johor. ",72369698,Morning Afternoon Night ,"Business Hour : 8.00am to 10.00pm 
Open daily 
Updated 9/4/2022",Nearby Kipmart Supermarket,1.506366,103.689052,vsmAlice,0,2016-03-02 11:51:02,2022-04-09 15:39:09,001627_1aa2016-11-01_23-01-22.jpg*001627_1aa2018-03-13_15-13-27.jpg*001627_1ab2018-03-13_15-13-27.jpg*001627_1ac2018-03-13_15-13-27.jpg*001627_1ad2018-03-13_15-13-27.jpg*001627_1ae2018-03-13_15-13-27.jpg*001627_1af2018-03-13_15-13-27.jpg*001627_1ag2018-03-13_15-13-27.jpg*001627_1ah2018-03-13_15-13-27.jpg*001627_1ai2018-03-13_15-13-27.jpg*001627_1aj2018-03-13_15-13-27.jpg*001627_1ak2018-03-13_15-13-27.jpg*001627_1al2018-03-13_15-13-27.jpg*001627_1am2018-03-13_15-13-27.jpg*001627_1an2018-03-13_15-13-27.jpg*001627_1ao2018-03-13_15-13-27.jpg*001627_1ap2018-03-13_15-13-27.jpg*001627_1aa2018-03-13_15-13-57.jpg*001627_1ab2018-03-13_15-13-57.jpg*001627_1ac2018-03-13_15-13-57.jpg*001627_1ad2018-03-13_15-13-57.jpg*001627_1ae2018-03-13_15-13-57.jpg*001627_1af2018-03-13_15-13-57.jpg*001627_1ag2018-03-13_15-13-57.jpg*001627_1ah2018-03-13_15-13-57.jpg*001627_1ai2018-03-13_15-13-57.jpg*001627_1aj2018-03-13_15-13-57.jpg*001627_1ak2018-03-13_15-13-57.jpg*001627_1al2018-03-13_15-13-57.jpg*,https://www.facebook.com/groups/781347675284086/permalink/1274777725941076,小炒RM7.50起 ,#Chinese中餐 #Vegetarian Mixed Rice素杂饭 #Economy Noodles经济面 #Chinese Dishes煮炒 #Noodles soup/noodles面汤/面食类 #Rice饭类 #Snack小吃  #Hakka Ground Tea擂茶  ,#Restaurant餐厅 #Vegetarian素食 #Air-cond冷气 #Feast酒席 #Buffet自由餐 #Outdoor Catering上门到会 ,average一般,1,0
787,Love Health Vegetarian 一家人健康素食饭店 ,"No.3-1,Jalan PJU 5/9, Dataran Sunway, Kota Damansara, 47810 Petaling Jaya, Selangor.",123276616,Morning Afternoon Night ,"Business Hour: 11.30am to 3.00pm , 5.30pm to 9.30pm 
Rest day : alternate Monday
Updated 13/4/2022
",Tel:01110866165,3.15065,101.592554,vsmAlice,0,2016-02-03 21:17:09,2022-04-13 19:07:40,000787_1aa2022-01-27_10-09-06.jpg*,https://www.facebook.com/groups/781347675284086/permalink/1032138686871649,ala carte RM9.90 onwards,#Chinese中餐 #Chinese Dishes煮炒 #Vegetarian Frozen Food Available售卖素料  ,#Restaurant餐厅 #Vegetarian素食 #Air-cond冷气 ,average一般,0,0
4637,Vegetarian San Yuan 善缘素食馆,"No.6, Jalan Permas 9/3, Bandar Baru Permas Jaya, 81750 Masai, Johor.",143197256,Morning    Afternoon    ,"Business Hour : 7.00am to 7.00pm
Open daily 
Updated 1/4/2022",初一及十五有擂茶饭 ,1.497694,103.818643,vsmAlice,,2020-10-13 15:59:47,2022-04-01 19:19:36,004637_1aa2021-09-30_16-41-27.jpg*,https://www.facebook.com/groups/781347675284086/permalink/4909322899153189,经济面RM2.00起,#Chinese中餐 #Economy Noodles经济面 #Yong Tau Foo酿豆腐 #Snack小吃 ,#Hawker Stall档口 #Vegetarian素食 #Buffet自由餐 ,budget经济,0,1
3861,Lei Cha at Restoran Choon Tien 养生擂茶在重天美食中心,"267-277, Jalan Berjaya 10, Taman Berjaya, 43000 Kajang, Selangor.",189680681,Morning    Afternoon    ,"Business Hour : 9.00am to 2.30pm 
Rest day : uncertain (once a month, mostly on Thursday) 
Updated 6/2/2022 


",-,2.98409,101.778518,vsmAlice,,2019-04-10 16:58:05,2022-02-07 17:44:46,003861_1aa2019-04-10_17-53-51.jpeg*,https://www.facebook.com/groups/781347675284086/permalink/2167833636635476,擂茶饭RM8.00起,#Chinese中餐 #Hakka Ground Tea擂茶 ,#Hawker Stall档口 #Vegetarian素食 #Five Pungent Roots五辛素 ,average一般,0,0
3516,"Vegetarian stall at Medan Selera MDB, Kemayan, Pahang 素食档在金马杨大巴刹隔壁","Stall no.4,Jalan Besar, Kampung Baharu Sentosa, 28380 Kemayan, Pahang.",136311146,Morning    Afternoon    Night    ,"Business Hour : 7.00am to 1.00pm , 6.00pm to 10.00pm  Rest day : Monday, the day before 1st & 15th of lunar month 
Updated 21/5/2022",Street view not available,3.1348904,102.366255,vsmAlice,,2018-09-15 17:46:51,2022-05-21 12:08:15,003516_aa.jpg*,https://www.facebook.com/groups/781347675284086/permalink/1872679049484271,面食类RM4.50起 ,#Chinese中餐 #Noodles Soup/Noodles面汤/面食类 #Fried Noodles/Rice炒面饭类 #Everyday Special每日特餐 ,#Hawker Stall档口 #Vegetarian素食 ,budget经济,0,1
2554,Chun Tian Tea House 春天茶馆,"No.28, Jalan Ali, 84000 Muar, Johor.",182365259,Morning    Afternoon    Night    ,"Business Hour : 11.00am to 8.00pm 
Rest day : Tuesday (if 1st & 15th of lunar month fall on Tuesday, next day will be their rest day)
Updated 17/4/2022",.,2.046891,102.569294,,0122872657店长(小志）,2017-02-06 16:54:57,2022-06-23 11:04:01,002554_1aa2018-01-28_11-37-14.jpg*,https://www.facebook.com/groups/781347675284086/permalink/1465229813562532,单座RM9.00起,#Chinese中餐 #Ala Carte单座 #Chinese Dishes煮炒 #Hakka Ground Tea擂茶 #Bakkuteh素肉骨茶 #Yong Tau Foo酿豆腐 #Rojak #Snack小吃 ,#Restaurant餐厅 #Vegetarian素食 #Air-cond冷气 ,average一般,0,0
3881,"Yuan Zhi Shu at Medan Selera Bukit Rawang Jaya 
缘之素","No.7, Seri Selera MPS Bukit Rawang Jaya Fasa 1, 48000 Rawang, Selangor.",132073283,Morning    Afternoon    ,"Business Hour ：7.15am to 3.00pm 
Rest day : Weekends   Updated 13/4/2022
",在Bukit Rawang Jaya 工业区对面的MPS 档口,3.337934,101.585233,vsmAlice,,2019-04-18 23:29:52,2022-05-20 21:47:19,003881_aa.jpg*003881_1saa2019-04-18_23-31-24.jpg*003881_1sab2019-04-18_23-31-24.jpg*003881_1sac2019-04-18_23-31-24.jpg*003881_1sad2019-04-18_23-31-24.jpg*003881_1sae2019-04-18_23-31-24.jpg*,https://www.facebook.com/groups/781347675284086/permalink/2180437658708407,面食类RM4.50起 ,#Chinese中餐 #Noodles Soup/Noodles面汤/面食类 #Rice饭类 ,#Hawker Stall档口 #Vegetarian素食 ,budget经济,0,1
5000,Su Xiang Vegetarian Buffet 素香素食自助餐厅,"15, Lebuh Tye Sin, 10300 Georgetown, Pulau Pinang.",1120948901,Afternoon    ,"Business Hour : 11.30am to 3.00pm
Rest day : Tuesday
Updated 2/3/2022",自助餐仅限初一十五,5.409954,100.330879,vsmSelina,,2022-03-02 19:12:53,2022-04-24 23:10:36,005000_aa.jpg*,https://www.facebook.com/groups/781347675284086/permalink/5450799118338895,单座 RM6.00 起,#Chinese中餐 #Noodles Soup/Noodles面汤/面食类 #Fried Noodles/Rice炒面饭类 #Ala Carte单座 #Spaghetti意大利面 ,#Restaurant餐厅 #Vegetarian素食 #Air-cond冷气 #Feast酒席 #Buffet自由餐 #Delivery外卖服务 #Home Catering承包伙食 ,budget经济,0,1
5176,IdeaLite at Bukit Jalil 品味舒食在武吉加里尔,"B-06-01,Pusat Perdagangan, Bandar Bukit Jalil, Parsiaran Jalil, 57000 Kuala Lumpur.",162414349,Afternoon    Night    ,"Business Hour : 11.30am to 3.00pm, 4.00pm to 8.00pm Open daily 
Updated 30/8/2022",,3.051471,101.671086,vsmAlice,,2022-07-30 21:00:09,2022-09-02 21:09:46,005176_1aa2022-07-30_21-02-37.jpg*,https://www.facebook.com/groups/781347675284086/permalink/5862190850533051,ala carte RM16.90 onwards,#Chinese中餐 #Western西餐 #Noodles Soup/Noodles面汤/面食类 #Rice饭类 #Chinese Dishes煮炒 #Pizza披萨 #Spaghetti意大利面 #Porridge粥 #Steamboat火锅 #Hakka Ground Tea擂茶 #Bakkuteh素肉骨茶 #Snack小吃 ,#Restaurant餐厅 #Vegetarian素食 #Wifi无线网络 #Air-cond冷气 #Delivery外卖服务 #Credit Card信用卡 ,above average中上,0,0
1838,Forever Cafe 啡你莫属,"No.2, Jalan Muhhibah 2, Taman Muhhibah, 85000 Segamat, Johor.",177001414,Afternoon Night ,"Business Hour : 12.00pm to 8.30pm
Rest day : Friday
Updated 17/4/2022",Focus Point 眼镜店同排,2.508295,102.823064,vsmAlice,。,2016-04-05 22:54:06,2022-05-04 18:38:13,001838_1aa2022-05-04_18-38-13.jpg*001838_1aj2017-04-17_15-39-49.jpg*001838_1ak2017-04-17_15-39-49.jpg*001838_1al2017-04-17_15-39-49.jpg*001838_1am2017-04-17_15-39-49.jpg*001838_1an2017-04-17_15-39-49.jpg*001838_1ao2017-04-17_15-39-49.jpg*001838_1ap2017-04-17_15-39-49.jpg*001838_1aq2017-04-17_15-39-49.jpg*001838_1ar2017-04-17_15-39-49.jpg*001838_1as2017-04-17_15-39-49.jpg*001838_1at2017-04-17_15-39-49.jpg*001838_1aa2017-04-17_15-40-18.jpg*001838_1ab2017-04-17_15-40-18.jpg*001838_1ac2017-04-17_15-40-18.jpg*001838_1ad2017-04-17_15-40-18.jpg*001838_1ae2017-04-17_15-40-18.jpg*001838_1af2017-04-17_15-40-18.jpg*001838_1ag2017-04-17_15-40-18.jpg*001838_1ah2017-04-17_15-40-18.jpg*001838_1ai2017-04-17_15-40-18.jpg*,https://www.facebook.com/groups/781347675284086/permalink/2020662231352618,单座RM7.90起,#Chinese中餐 #Western西餐 #Fried Noodles/Rice炒面饭类 #Ala Carte单座 #Burger素汉堡 #Vegetarian Chops素扒 #Steamboat火锅 #Bakkuteh素肉骨茶 #Snack小吃 #Vegetarian Frozen Food Available售卖素料 ,#Cafe咖啡厅 #Vegetarian素食 #Wifi无线网络 #Air-cond冷气 ,average一般,1,0
4851,Art Nature Gallery Cafe ,"No.46, Jalan Sultan Muhammad Jiwa, Alor Malai, 05000 Alor Setar, Kedah.",125385911,Morning    Afternoon    Night    ,"Business Hour : 11.00am to 8.00pm ；Friday & Saturday 12.00pm to 10.00pm
Rest day : Wednesday & Thursday (including 1st & 15th of lunar month)
Updated 31/5/2022",Tel:01155088158,6.116936,100.364271,vsmSelina,,2021-06-19 22:28:11,2022-06-01 18:07:04,004851_aa.jpg*004851_1saa2021-06-19_22-53-10.jpg*004851_1sab2021-06-19_22-53-10.jpg*004851_1sac2021-06-19_22-53-10.jpg*004851_1sad2021-06-19_22-53-10.jpg*004851_1sae2021-06-19_22-53-10.jpg*004851_1saf2021-06-19_22-53-10.jpg*004851_1sag2021-06-19_22-53-10.jpg*004851_1sah2021-06-19_22-53-10.jpg*004851_1sai2021-06-19_22-53-10.jpg*004851_1saj2021-06-19_22-53-10.jpg*004851_1sak2021-06-19_22-53-10.jpg*004851_1sal2021-06-19_22-53-10.jpg*004851_1sam2021-06-19_22-53-10.jpg*,https://www.facebook.com/groups/781347675284086/permalink/4602769686475180,ala carte RM12.90 onwards,#Chinese中餐 #Western西餐 #Noodles Soup/Noodles面汤/面食类 #Ala Carte单座 #Burger素汉堡 #Pizza披萨 #Spaghetti意大利面 #Porridge粥 #Snack小吃 ,#Cafe咖啡厅 #Vegetarian素食 #Five Pungent Roots五辛素 #Wifi无线网络 #Air-cond冷气 #Delivery外卖服务 ,above average中上,1,0
1323,Fo Guang Sri Muda Vegetarian Restaurant 佛光素食仁道通店,"No.34 & 34 B, Axis Industrial Park, Jalan Sepadu B 25/B, Seksyen 25 , 40400 Shah Alam, Selangor.",123577998,Morning Afternoon ,"Business Hour : 7.30am to 6.00pm 
Rest day ： Sunday
Updated 5/7/2022","same row with Public Bank Seksyen 25, Shah Alam",3.025221,101.54316,vsmAlice,0,2016-02-24 22:20:55,2022-07-05 15:59:40,001323_aa.jpg*,https://www.facebook.com/groups/781347675284086/permalink/925747477510771,面食类RM3.00起 ,#Chinese中餐 #Vegetarian Mixed Rice素杂饭 #Economy Noodles经济面 #Noodles soup/noodles面汤/面食类 #Rice饭类  ,#Restaurant餐厅 #Vegetarian素食 #Buffet自由餐 ,budget经济,0,1
199,One Two Tree Cafe   ,"No.48, Jalan Cantik, 86000 Kluang, Johor.",122337621,Morning Afternoon Night ,"Business Hour : 10.00am to 8.00pm 
Rest day : Tuesday 
Updated 3/4/2022",.,2.030463,103.321971,vsmAlice,目前还有营业，店面合同到12月满期。follow by Vivian Lim 12/10/2021,2016-01-03 21:31:13,2022-04-03 21:30:44,000199_1aa2016-10-26_16-04-05.jpg*000199_1ah2016-10-26_16-04-05.jpg*000199_1ai2016-10-26_16-04-05.jpg*000199_1aj2016-10-26_16-04-05.jpg*000199_1ak2016-10-26_16-04-05.jpg*000199_1al2016-10-26_16-04-05.jpg*000199_1am2016-10-26_16-04-05.jpg*000199_1an2016-10-26_16-04-05.jpg*000199_1ao2016-10-26_16-04-05.jpg*000199_1ap2016-10-26_16-04-05.jpg*000199_1aq2016-10-26_16-04-05.jpg*000199_1ar2016-10-26_16-04-05.jpg*000199_1as2016-10-26_16-04-05.jpg*000199_1at2016-10-26_16-04-05.jpg*000199_1aa2016-10-26_16-04-21.jpg*000199_1ab2016-10-26_16-04-21.jpg*000199_1ac2016-10-26_16-04-21.jpg*000199_1ad2016-10-26_16-04-21.jpg*000199_1ae2016-10-26_16-04-21.jpg*000199_1af2016-10-26_16-04-21.jpg*000199_1ag2016-10-26_16-04-21.jpg*000199_1ah2016-10-26_16-04-21.jpg*000199_1ai2016-10-26_16-04-21.jpg*000199_1aj2016-10-26_16-04-21.jpg*000199_1ak2016-10-26_16-04-21.jpg*000199_1aa2016-10-26_16-04-36.jpg*000199_1ab2016-10-26_16-04-36.jpg*000199_1ac2016-10-26_16-04-36.jpg*000199_1ad2016-10-26_16-04-36.jpg*000199_1ae2016-10-26_16-04-36.jpg*000199_1af2016-10-26_16-04-36.jpg*000199_1ag2016-10-26_16-04-36.jpg*,https://www.facebook.com/groups/781347675284086/permalink/1047639421988242,单座RM7.90起,#Fusion无国界料理 #Ala Carte单座 #Chinese Dishes煮炒 #Spaghetti意大利面 #Vegetarian Chops素扒 #Cake蛋糕 #Everyday Special每日特餐 #Yong Tau Foo酿豆腐 #Sushi寿司 #Snack小吃 ,#Cafe咖啡厅 #Vegetarian素食 #Buffet自由餐 ,average一般,1,0
3154,Gaya Vegetarian 佳雅素食,"Lot 53, Ground Floor, Jalan Gaya, 88000 Kota Kinabalu, Sabah.",88203701,Morning    Afternoon    ,"Business Hour : 6.30am to 2.30pm 
Rest day : Sunday 
Updated 25/5/2022",Tel:0168483800,5.987083,116.078927,vsmAlice,,2018-01-28 19:48:04,2022-05-28 10:20:55,003154_aa.jpg*,https://www.facebook.com/groups/781347675284086/permalink/1597654316986747,面食类RM7.50起,#Chinese中餐 #Western西餐 #Noodles Soup/Noodles面汤/面食类 #Vegetarian Mixed Rice素杂饭 #Economy Noodles经济面 #Chinese Dishes煮炒 #Pizza披萨 #Spaghetti意大利面 #Bread面包 #Vegetarian Frozen Food Available售卖素料 ,#Restaurant餐厅 #Vegetarian素食 #Air-cond冷气 ,average一般,0,0
554,Success Vegetarian at Jiki Food Court 成功素食 ,"4637-C, Jalan Penghulu Abbas, Bukit Baru 75150, Melaka.",123983705,Afternoon Night ,"Business Hour: 3.30pm to 10.30pm 
Rest day : uncertain 
Updated 23/5/2022",-,2.225813,102.276408,vsmAlice,0,2016-01-28 12:25:00,2022-05-23 13:19:17,000554_1aa2020-10-28_20-12-04.jpg*,https://www.facebook.com/groups/781347675284086/permalink/3957728560979299,小炒RM7.00起,#Chinese中餐  #Vegetarian Mixed Rice素杂饭 #Fried Noodles/Rice炒面饭类 #Rojak #Burger素汉堡 #Dim Sum点心 ,#Hawker Stall档口 #Vegetarian素食 ,average一般,0,0
327,"Vegetarian mixed rice stall at Taman Makmur,Batu Pahat 住家素经济饭档","No.29,Jalan Ara, Taman Makmur, 83000 Batu Pahat, Johor. ",127073028,Afternoon Night,"Business Hour : 3.30pm to 11.00pm
Rest day : Sunday
Updated 14/4/2022","Tel:0127145611
素杂饭:3.30pm to 7.00pm",1.860329,102.93435,vsmAlice,"Poster simple put up on tiang

Nobody take poster photo",2016-01-21 17:20:55,2022-04-14 15:02:39,000327_aa.jpg*,https://www.facebook.com/groups/781347675284086/permalink/1793751097377067,经济面RM1.70起，RojakRM4.00起,#Chinese中餐 #Vegetarian Mixed Rice素杂饭 #Economy Noodles经济面 #Rojak #Snack小吃 ,#Hawker Stall档口 #Vegetarian素食 ,budget经济,0,1
31,Love Earth Cafe 爱地球素食坊,"No.3-A Jalan Desa 2/7, Desa Aman Puri, 52100 Kuala Lumpur.",362744655,Morning Afternoon Night ,"Business Hour : 9.30am to 9.00pm 
Rest day : Thursday 
Updated 1/4/2022",Tel:0162177388 ,3.209236,101.616587,vsmAlice,0163031303 Owner,2015-12-15 16:45:30,2022-04-01 21:46:17,000031_1aa2018-07-12_11-42-23.jpg*000031_1al2017-03-28_10-58-27.jpg*000031_1am2017-03-28_10-58-27.jpg*000031_1an2017-03-28_10-58-27.jpg*000031_1ao2017-03-28_10-58-27.jpg*000031_1ap2017-03-28_10-58-27.jpg*000031_1aq2017-03-28_10-58-27.jpg*000031_1ar2017-03-28_10-58-27.jpg*000031_1as2017-03-28_10-58-27.jpg*000031_1aa2017-03-28_10-59-18.jpg*000031_1ab2017-03-28_10-59-18.jpg*000031_1ac2017-03-28_10-59-18.jpg*000031_1ad2017-03-28_10-59-18.jpg*000031_1ae2017-03-28_10-59-18.jpg*000031_1af2017-03-28_10-59-18.jpg*000031_1ag2017-03-28_10-59-18.jpg*000031_1ah2017-03-28_10-59-18.jpg*000031_1ai2017-03-28_10-59-18.jpg*000031_1aj2017-03-28_10-59-18.jpg*000031_1ak2017-03-28_10-59-18.jpg*000031_1al2017-03-28_10-59-18.jpg*000031_1am2017-03-28_10-59-18.jpg*000031_1an2017-03-28_10-59-18.jpg*000031_1ao2017-03-28_10-59-18.jpg*000031_1ap2017-03-28_10-59-18.jpg*000031_1aq2017-03-28_10-59-18.jpg*000031_1ar2017-03-28_10-59-18.jpg*000031_1as2017-03-28_10-59-18.jpg*000031_1aa2017-03-28_10-59-38.jpg*000031_1ab2017-03-28_10-59-38.jpg*000031_1ac2017-03-28_10-59-38.jpg*000031_1ad2017-03-28_10-59-38.jpg*000031_1ae2017-03-28_10-59-38.jpg*000031_1af2017-03-28_10-59-38.jpg*000031_1ag2017-03-28_10-59-38.jpg*000031_1ah2017-03-28_10-59-38.jpg*000031_1ai2017-03-28_10-59-38.jpg*000031_1aj2017-03-28_10-59-38.jpg*000031_1ak2017-03-28_10-59-38.jpg*000031_1al2017-03-28_10-59-38.jpg*000031_1am2017-03-28_10-59-38.jpg*000031_1an2017-03-28_10-59-38.jpg*000031_1ao2017-03-28_10-59-38.jpg*,https://www.facebook.com/groups/781347675284086/permalink/1310184615733720,面食类RM9.00起,#Fusion无国界料理 #Noodles Soup/Noodles面汤/面食类 #Rice饭类 #Fried Noodles/Rice炒面饭类 #Burger素汉堡 #Pizza披萨 #Spaghetti意大利面 #Porridge粥 #Hakka Ground Tea擂茶 #Bakkuteh素肉骨茶 #Sushi寿司 #Snack小吃 ,#Cafe咖啡厅 #Vegetarian素食 #Air-cond冷气 #Buffet自由餐 ,average一般,1,0
4318,Mangga Vegetarian Cafe 美佳素轩,"No.23 & 24, Block B, Jalan Utama SR 1/9, Serdang Raya Seksyen 9, 43300 Seri Kembangan, Selangor.",199816156,Morning    Afternoon    Night    ,"Business Hour : 10.00am to 10.00pm 
Rest day : Monday (if 1st & 15th of lunar month fall on Monday, next day will be their rest day)
Updated 18/3/2022",Tel:0123058512,3.044708,101.704797,vsmAlice,老板娘的电话0123886691,2019-12-20 00:51:18,2022-03-18 19:33:31,004318_1aa2020-08-17_12-02-42.jpg*,https://www.facebook.com/groups/781347675284086/permalink/2640520442700124,单座RM13.90起,#Chinese中餐 #Western西餐 #Noodles Soup/Noodles面汤/面食类 #Chinese Dishes煮炒 #Burger素汉堡 #Pizza披萨 #Spaghetti意大利面 #Porridge粥 #Bakkuteh素肉骨茶 #Snack小吃 ,#Cafe咖啡厅 #Vegetarian素食 #Air-cond冷气 #Buffet自由餐 ,above average中上,0,0
4979,Simple Life Healthy Vegetarian at Pavilion Bukit Jalil,"Lot 1.18.00, Level 1, Pavilion Bukit Jalil, Jalan Persiaran Jalil 3, 57000, Kuala Lumpur.",380749514,Morning    Afternoon    Night    ,"Business Hour : 11.00am to 9.00pm
Open daily
Updated 18/7/2022

",,3.053184,101.67021,vsmAlice,,2022-01-25 22:56:00,2022-07-18 09:53:21,004979_aa.jpg*,https://www.facebook.com/groups/781347675284086/permalink/5319814968103978,ala carte RM16.90 onwards,#Chinese中餐 #Western西餐 #Noodles Soup/Noodles面汤/面食类 #Rice饭类 #Fried Noodles/Rice炒面饭类 #Ala Carte单座 #Spaghetti意大利面 #Hakka Ground Tea擂茶 #Rojak #Snack小吃 #Organic Food有机食物 ,#Cafe咖啡厅 #Vegetarian素食 #Wifi无线网络 #Air-cond冷气 #Delivery外卖服务 #Credit Card信用卡 ,above average中上,0,0
1984,Vegetarian stall at Kopitiam Tong Nam 素食档在东南咖啡店,"Jalan Indah 16/6, Taman Bukit Indah, 81200 Johor Bahru, Johor. ",197213460,Morning Afternoon ,"Business Hour : 6.00am to 1.30pm 
Rest day : alternate 
Friday 
Updated 9/4/2022",推荐 Jawa Mee 和 卤面,1.480539,103.663497,vsmAlice,0,2016-05-18 15:13:54,2022-04-09 15:13:34,001984_1aa2019-05-29_14-21-52.jpg*,https://www.facebook.com/groups/781347675284086/permalink/2248387441913428,面食类RM6.50起,#Chinese中餐 #Noodles soup/noodles面汤/面食类 ,#Hawker Stall档口 #Vegetarian素食 ,average一般,0,0
220, Restoran Vegetarian Sui Yan 随缘馆,"No.51, Jalan Bentara 20, Taman Ungku Tun Aminah, 81300 Skudai, Johor Bahru. ",75571602,Morning Afternoon  Night ,"Business Hour : 10.30am to 3.00pm , 5.15pm to 9.00pm Rest day : Friday 
Updated 10/4/2022	

","Tel:0109826127
Tel:0177469363",1.515533,103.657345,vsmAlice,0,2016-01-10 19:55:23,2022-04-10 22:13:09,000220_1aa2017-10-23_22-46-49.jpg*000220_1aa2017-10-23_22-47-29.jpg*000220_1ab2017-10-23_22-47-29.jpg*000220_1ac2017-10-23_22-47-29.jpg*000220_1ad2017-10-23_22-47-29.jpg*000220_1ae2017-10-23_22-47-29.jpg*000220_1af2017-10-23_22-47-29.jpg*000220_1ag2017-10-23_22-47-29.jpg*000220_1ah2017-10-23_22-47-29.jpg*000220_1ai2017-10-23_22-47-29.jpg*000220_1aj2017-10-23_22-47-29.jpg*000220_1ak2017-10-23_22-47-29.jpg*000220_1al2017-10-23_22-47-29.jpg*000220_1am2017-10-23_22-47-29.jpg*000220_1an2017-10-23_22-47-29.jpg*000220_1ao2017-10-23_22-47-29.jpg*000220_1ap2017-10-23_22-47-29.jpg*000220_1aq2017-10-23_22-47-29.jpg*000220_1aa2017-10-23_22-47-46.jpg*000220_1ab2017-10-23_22-47-46.jpg*000220_1ac2017-10-23_22-47-46.jpg*000220_1ad2017-10-23_22-47-46.jpg*000220_1ae2017-10-23_22-47-46.jpg*000220_1af2017-10-23_22-47-46.jpg*000220_1ag2017-10-23_22-47-46.jpg*000220_1ah2017-10-23_22-47-46.jpg*000220_1ai2017-10-23_22-47-46.jpg*,https://www.facebook.com/groups/781347675284086/permalink/1506906076061572,小炒RM8.00起,#Chinese中餐 #Chinese Dishes煮炒 #Steamboat火锅 #Snack小吃 #Hakka Ground Tea擂茶  #Bakkuteh素肉骨茶 #Porridge粥 #Vegetarian Frozen Food Available售卖素料  ,#Restaurant餐厅 #Vegetarian素食 #Air-cond冷气 #Feast酒席 #Buffet自由餐 #Outdoor Catering上门到会 ,average一般,1,0
434,Giant Bowl at Klang Lama 大碗公蔬食站,"No.119A, Batu 3 1/2, Jalan Klang Lama  58000 Kuala Lumpur.",166612949,Morning Afternoon Night ,"Business Hour: 11.00am to 10.30pm
Open daily
Updated 28/6/2022",.,3.107137,101.678397,vsmAlice,0,2016-01-24 16:46:05,2022-06-28 10:36:40,000434_1aa2022-06-28_10-36-40.jpg*,https://www.facebook.com/groups/781347675284086/permalink/1358933210858860,面食类RM10.90起 ,#Chinese中餐 #Ala Carte单座 #Noodles soup/noodles面汤/面食类 #Rice饭类 #Snack小吃  #Rojak #Dim Sum点心 #Porridge粥  #Yong Tau Foo酿豆腐 #Vegetarian Frozen Food Available售卖素料  ,#Restaurant餐厅 #Vegetarian素食 #Air-cond冷气 #Delivery外卖服务 ,average一般,0,0
4893,Restoran JC Vegan 净慈中西食馆,"No.29, Tingkat Kledang 14, Taman Kledang, 31450 Ipoh, Perak.",102313244,Morning    Afternoon    Night    ,"Business Hour : 10.00am to 2.30pm , 5.00pm to 9.00pm
Rest day : uncertain
Updated 14/5/2022","Tel:0165580266
Friday to Sunday 8.00am 提供点心
Area : Ipoh West",4.569585,101.037691,HiewMan,,2021-10-31 14:53:19,2022-05-14 14:18:46,004893_1aa2021-12-18_23-02-18.jpg*,https://www.facebook.com/groups/781347675284086/permalink/5005932342825577,小炒RM7.00起,#Chinese中餐 #Western西餐 #Noodles Soup/Noodles面汤/面食类 #Ala Carte单座 #Chinese Dishes煮炒 #Spaghetti意大利面 #Vegetarian Chops素扒 #Porridge粥 #Weekend Special周末特餐 #Dim Sum点心 #Yong Tau Foo酿豆腐 #Snack小吃 ,#Restaurant餐厅 #Vegetarian素食 #Air-cond冷气 #Feast酒席 #Buffet自由餐 #Outdoor Catering上门到会 ,average一般,0,0
860,Gao Zhong Vegetarian Restaurant 高中素食园," No.54, Jalan Sekolah Chong Hwa, 86000 Kluang, Johor.",77742843,Morning Afternoon Night,"Business Hour : 7.00am to 2.00pm, 5.30pm to 9.00pm
Rest day : Monday (if 1st & 15th of lunar month fall on Monday , next day will be their rest day) 
Updated 3/4/2022

","Tel:0197537565
Tel:0197547565
Opposite Sek.Chong Hwa Kluang",2.0271046,103.3251605,vsmAlice,当地的义工们推荐 21/2/2020,2016-02-11 19:14:37,2022-05-19 11:25:44,000860_1aa2018-08-01_00-33-19.jpg*000860_1saa2020-02-21_14-33-55.jpg*000860_1sab2020-02-21_14-33-55.jpg*000860_1sac2020-02-21_14-33-55.jpg*000860_1sad2020-02-21_14-33-55.jpg*000860_1sae2020-02-21_14-33-55.jpg*000860_1saf2020-02-21_14-33-55.jpg*000860_1sag2020-02-21_14-33-55.jpg*000860_1sah2020-02-21_14-33-55.jpg*000860_1sai2020-02-21_14-33-55.jpg*000860_1saj2020-02-21_14-33-55.jpg*000860_1sak2020-02-21_14-33-55.jpg*000860_1sal2020-02-21_14-33-55.jpg*000860_1sam2020-02-21_14-33-55.jpg*,https://www.facebook.com/groups/781347675284086/permalink/1391085334310314,面食类RM6.00起 ,#Chinese中餐 #Vegetarian Mixed Rice素杂饭 #Economy Noodles经济面 #Chinese Dishes煮炒 #Fried Noodles/Rice炒面饭类 #Noodles soup/noodles面汤/面食类 #Everyday Special每日特餐 #Weekend Special周末特餐 #Vegetarian Frozen Food Available售卖素料  ,#Restaurant餐厅 #Vegetarian素食 #Air-cond冷气 #Feast酒席 #Buffet自由餐 ,budget经济,1,1
1794,Vegetarian stall at Perak Road Market 素食档在霹雳路巴刹,"Jalan Slim, 11600 Jelutong, Pulau Pinang. ",1156614977,Morning ,"Business Hour : 7.00am to 10.00am Rest day : Monday, Tuesday and 2nd & 16th of lunar month.
Updated 21/5/2022",星期日没有经济饭 ；周末特餐椰浆饭(椰浆饭是无椰浆的兰花饭)。,5.399644,100.313834,vsmSelina,01156614977‬ (12.00pm之后),2016-03-13 14:44:49,2022-05-21 17:29:26,001794_aa.jpg*,https://www.facebook.com/groups/781347675284086/permalink/984090125009839,面汤类RM4.00起，素杂饭RM5.50起,#Chinese中餐 #Noodles Soup/Noodles面汤/面食类 #Vegetarian Mixed Rice素杂饭 #Economy Noodles经济面 #Everday Special每日特餐 #Weekend Special周末特餐 ,#Hawker Stall档口 #Vegetarian素食 ,budget经济,0,1
2457,Vegetarian noodles stall at Kedai Kopi Min Ren 素面档在名人咖啡店 ,"No.10G, Jalan Bandar 2, Pusat Bandar Puchong, 47100 Selangor.",126933886,Morning    Afternoon    ,"Business Hour : 7.00am to 2.00pm
Rest day : alternate Thursday
Updated 14/4/2022",,3.0363,101.618294,vsmAlice,New owner take over 9/1/2022,2016-12-03 00:53:57,2022-04-14 22:25:22,002457_1aa2022-01-14_01-04-43.jpg*,https://www.facebook.com/groups/781347675284086/permalink/5278503888901753,面食类RM7.00起,#Chinese中餐 #Noodles Soup/Noodles面汤/面食类 #Everday Special每日特餐 #Weekend Special周末特餐 ,#Hawker Stall档口 #Vegetarian素食 ,average一般,0,0
1723,Vegetarian stall at Farley Cafe Bakery 素食档在华利饮食,"No.83-86, Medan Jaya Commercial Centre, 97000 Bintulu,Sarawak.",162168857,Morning Afternoon ,"Business Hour:  7.00am to 6.00pm
Rest day : uncertain
Updated 20/5/2022","same row with Farley Mini Market , opposite Shell Medan Jaya",3.200568,113.058445,vsmAlice,"原因是，地址是Commercial Centre, building的地址，档口是没有号码的，况且名字是一个Farley Cafe bakery，一个是Farley Cafe Corner",2016-03-03 15:37:01,2022-05-20 17:48:29,001723_1aa2016-08-28_20-53-02.jpeg*,"https://www.facebook.com/groups/781347675284086/permalink/908401899245329
",小炒RM6.00起 ,#Chinese中餐 #Vegetarian Mixed Rice素杂饭 #Fried Noodles/Rice炒面饭类 #Ala Carte单座 #Noodles soup/noodles面汤/面食类 #Porridge粥 ,#Hawker Stall档口 #Vegetarian素食 ,budget经济,0,1
1029,Vegetarian stall at Medan Selera Desa Jaya 素食档在帝沙再也美食,"Desa Jaya, Kepong, 52100 Kuala Lumpur",162800510,Morning ,"Business Hour : 6.30am to 9.30am 
Rest day : Monday 
Updated 23/5/2022",-,3.216928,101.628698,vsmAlice,0,2016-02-17 16:22:41,2022-05-23 23:05:09,001029_1aa2019-07-14_00-18-10.jpg*,https://www.facebook.com/groups/781347675284086/permalink/858635580888628,素杂饭RM5.50起,#Chinese中餐 #Vegetarian Mixed Rice素杂饭 #Economy Noodles经济面 ,#Hawker Stall档口 #Vegetarian素食 #Buffet自由餐 ,budget经济,0,1
2844,"Vegetarian stall at Kopi Kopi, Vivacity Megamall素食档在Vivacity Megamall的Kopi Kopi","LG 006, Vivacity Megamall, Jalan Wan Alwi, 93300 Kuching, Sarawak.",198173236,Morning    Afternoon    Night    ,"Business Hour : 10.00am to 8.00pm  
Open daily 
Updated 29/5/2022",提供电话预订经济饭 ,1.52746,110.369294,vsmAlice,,2017-08-09 11:29:54,2022-05-29 16:29:25,002844_aa.jpg*,https://www.facebook.com/groups/781347675284086/permalink/1440609476024566/,面食类RM5.00起,#Chinese中餐 #Noodles Soup/Noodles面汤/面食类 ,#Hawker Stall档口 #Vegetarian素食 #Air-cond冷气 ,budget经济,0,1
4677,Restoran Mami Mak Kitchen妈咪素食小厨,"No.68, Laluan Rasi Jaya 8, Taman Rasi Jaya, 31450 Menglembu, Perak.",165580244,Morning    Afternoon,"Business Hour : 7.00am to 2.30pm
Rest day : uncertain
Updated 14/5/2022","Tel:0102313244
Tel:0165580266

Area : Ipoh West",4.573853,101.034175,vsmAlice,,2020-11-16 21:03:48,2022-05-24 14:36:03,004677_1aa2020-11-17_09-13-16.jpg*,https://www.facebook.com/groups/781347675284086/permalink/4010304825721672,面食类RM5.00起,#Chinese中餐 #Noodles Soup/Noodles面汤/面食类 #Rice饭类 #Vegetarian Mixed Rice素杂饭 #Ala Carte单座 #Burger素汉堡 #Yong Tau Foo酿豆腐 #Snack小吃 ,#Restaurant餐厅 #Vegetarian素食 ,budget经济,0,1
4567,Vegetarian stall at Ayer Tawar Market 素食档在爱大华巴刹,"Kampung Baru Ayer Tawar, 32400 Ayer Tawar, Perak.",137619036,Morning    ,"Business Hour : 6.00am to 11.30am 
Open daily 
Updated 25/4/2022",初一十五有素菜,4.297101,100.756907,vsmAlice,"Vendor claim that she do not put ""素"" signage to avoid lost sales because many people don't like patron vegetarian stall. So no put vsm poster.Updated by Hiew Man 17/8/2020",2020-08-17 19:30:27,2022-04-25 09:47:54,004567_aa.jpg*,https://www.facebook.com/groups/781347675284086/permalink/3713467428738748,"Nasi Lemak RM3.50起, 经济面 RM2.00起",#Chinese中餐 #Rice饭类 #Economy Noodles经济面 #Snack小吃 #Vegetarian Frozen Food Available售卖素料 ,#Hawker Stall档口 #Vegetarian素食 ,budget经济,0,1
4462,Vegetarian stall at Restoran Xin Xing 素食档在亚成茶餐室,"No.31, Jalan Perkasa 4, Taman Ungku Tun Aminah, 81300 Skudai, Johor.",187926693,Morning    Afternoon    ,"Business Hour : 8.00am to 2.00pm 
Rest day : Thursday Updated 10/4/2022",Tel:0167562104,1.510619,103.649432,vsmAlice,Recommended by Tan Bee Hwa 12/9/2020,2020-06-22 10:50:45,2022-05-19 10:21:50,004462_1aa2020-09-12_22-52-33.jpg*004462_1saa2020-09-12_22-51-50.jpg*004462_1sab2020-09-12_22-51-50.jpg*004462_1sac2020-09-12_22-51-50.jpg*004462_1sad2020-09-12_22-51-50.jpg*004462_1sae2020-09-12_22-51-50.jpg*004462_1saf2020-09-12_22-51-50.jpg*004462_1sag2020-09-12_22-51-50.jpg*,https://www.facebook.com/groups/781347675284086/permalink/3347111312041030,面食类RM6.00起,#Chinese中餐 #Noodles Soup/Noodles面汤/面食类 #Fried Noodles/Rice炒面饭类 #Hakka Ground Tea擂茶 ,#Hawker Stall档口 #Vegetarian素食 ,budget经济,1,1
2747,Shuang Fu Vegetarian   双福素食饮食中心,"No.721, Jalan Badak Mati, 14200 Sungai Bakap, Pulau Pinang.",124241886,Morning    Afternoon    ,Business Hour : 7.00am to 4.30pm Rest day : Tuesday Updated 22/5/2022,.,5.224347,100.498112,vsmSelina,"0175115558 secret
Poster send by post 21/8/2019.
",2017-06-07 18:30:38,2022-05-23 13:43:31,002747_aa.jpg*,https://www.facebook.com/groups/781347675284086/permalink/1378705642214950,面汤/面食类 RM4.00 起,#Chinese中餐 #Vegetarian Mixed Rice素杂饭 #Economy Noodles经济面 #Noodles Soup/Noodles面汤/面食类 ,#Restaurant餐厅 #Vegetarian素食 #Feast酒席 #Buffet自由餐 ,budget经济,0,1
1484,Vegetarian stall at  Kenyalang Park Market 十方素食在肯雅兰园市场 ,"Stall No.31, Kenyalang Park New Market, 93300 Kuching, Sarawak.",148888915,Morning  ,"Business Hour : 6.00am to 11.00am
Open daily
Updated 25/5/2022", ,1.538398,110.360574,vsmAlice,0,2016-02-26 09:14:36,2022-06-07 14:14:52,001484_1aa2018-08-25_22-02-23.jpg*001484_1saa2018-08-05_14-24-09.jpg*001484_1sab2018-08-05_14-24-09.jpg*001484_1saa2018-08-05_14-25-19.jpg*001484_1sab2018-08-05_14-25-19.jpg*001484_1sac2018-08-05_14-25-19.jpg*001484_1sad2018-08-05_14-25-19.jpg*001484_1sae2018-08-05_14-25-19.jpg*001484_1saf2018-08-05_14-25-19.jpg*,https://www.facebook.com/groups/781347675284086/permalink/1475588399193340,小炒RM5.00起,#Chinese中餐 #Fried Noodles/Rice炒面饭类 #Noodles soup/noodles面汤/面食类 #Rice饭类 ,#Hawker Stall档口 #Vegetarian素食 #Wifi无线网络 ,budget经济,1,1
1072,Sui Yuan Quan Vegetarian at Kedai Makanan & Minuman Heng Leong  随缘全素食在兴隆茶餐室,"310-G-4, Superfield Plaza, Perak Road, 11600 Jelutong, Penang. ",164761446,Morning ,"Business Hour : 7.30am to 11.00am Rest day : Monday (including 1st & 15th of lunar month) 
Updated 12/4/2022",Opposite Bomba,5.401842,100.314884,vsmSelina,0,2016-02-18 17:39:27,2022-04-12 18:40:32,001072_1aa2016-09-10_12-29-21.jpg*,https://www.facebook.com/groups/781347675284086/permalink/1105290936223090,面汤/面食类 RM3.50 起,#Chinese中餐 #Noodles soup/noodles面汤/面食类 ,#Hawker Stall档口 #Vegetarian素食 ,budget经济,0,1
305, Kedai Makanan Mom Taste Eighty Eight 回味小馆,"No.80, Jalan Rotan Batu, Taman Sri Jaya, 83000 Batu Pahat, Johor. ",1110919927,Morning Afternoon Night ,"Business Hour : 11.00am to 9.00pm 
Rest day : Monday
Updated 13/4/2022",.,1.864969,102.951733,vsmAlice,0,2016-01-20 13:10:49,2022-04-13 15:52:31,000305_1aa2017-08-23_17-08-54.jpg*000305_1ae2017-08-23_17-08-54.jpg*000305_1af2017-08-23_17-08-54.jpg*000305_1ag2017-08-23_17-08-54.jpg*000305_1ah2017-08-23_17-08-54.jpg*000305_1ai2017-08-23_17-08-54.jpg*000305_1aj2017-08-23_17-08-54.jpg*000305_1ak2017-08-23_17-08-54.jpg*000305_1al2017-08-23_17-08-54.jpg*000305_1am2017-08-23_17-08-54.jpg*000305_1an2017-08-23_17-08-54.jpg*000305_1ao2017-08-23_17-08-54.jpg*000305_1ap2017-08-23_17-08-54.jpg*000305_1aq2017-08-23_17-08-54.jpg*000305_1ar2017-08-23_17-08-54.jpg*000305_1as2017-08-23_17-08-54.jpg*000305_1at2017-08-23_17-08-54.jpg*000305_1aa2017-08-23_17-09-06.jpg*000305_1ab2017-08-23_17-09-06.jpg*000305_1ac2017-08-23_17-09-06.jpg*000305_1ad2017-08-23_17-09-06.jpg*000305_1ae2017-08-23_17-09-06.jpg*000305_1af2017-08-23_17-09-06.jpg*000305_1ag2017-08-23_17-09-06.jpg*000305_1ah2017-08-23_17-09-06.jpg*000305_1ai2017-08-23_17-09-06.jpg*,https://www.facebook.com/groups/781347675284086/permalink/1453835874701926,小炒RM6.00起,#Chinese中餐 #Western西餐 #Chinese Dishes煮炒 #Rice饭类 #Steamboat火锅 #Snack小吃 #Bakkuteh素肉骨茶 #Pizza披萨 #Porridge粥  #Spaghetti意大利面 #Vegetarian Chops素扒 ,#Restaurant餐厅 #Vegetarian素食 #Wifi无线网络 #Air-cond冷气 #Buffet自由餐 ,budget经济,1,1
2454,Vegetarian stall at Kedai Makanan Dan Minuman  素食档在德爱茶餐室,"MDLD 5997, AH150, 91100 Lahad Datu, Sabah.",148631268,Morning    Afternoon    ,"Business Hour : 6.00am to 2.30pm  
Rest day : Sunday and selective Public Holidays Updated 28/5/2022",.,5.044387,118.297865,vsmAlice,-,2016-12-01 13:25:38,2022-05-28 18:55:01,002454_aa.jpg*,https://www.facebook.com/groups/781347675284086/permalink/1177495375669312,面食类RM5.50起,#Chinese中餐 #Vegetarian Mixed Rice素杂饭 #Economy Noodles经济面 #Fried Noodles/Rice炒面饭类 #Noodles Soup/Noodles面汤/面食类    ,#Hawker Stall档口 #Vegetarian素食 ,budget经济,0,1
43,Restoran Vegetarian MCH 麦子香素食馆  ,"No.37, Jalan KIP 2, Taman Perindustrian KIP, Kepong 52100, Kuala Lumpur.",166940884,Morning Afternoon ,"Business Hour : 6.30am to 2.00pm ; Saturday 6.30am to 1.00pm 
Rest day : Sunday & Public Holidays ( regardless 1st & 15th of lunar month) 
Updated 23/5/2022",,3.206765,101.605946,vsmAlice,.,2015-12-21 14:17:15,2022-05-23 13:41:43,000043_1aa2017-08-06_00-02-23.jpg*,https://www.facebook.com/groups/781347675284086/permalink/859350350817151,"面食类RM7.50起

",#Chinese中餐 #Vegetarian Mixed Rice素杂饭 #Economy Noodles经济面 #Chinese Dishes煮炒 #Noodles soup/noodles面汤/面食类 #Rice饭类 #Vegetarian Frozen Food Available售卖素料  ,#Restaurant餐厅 #Vegetarian素食 #Buffet自由餐 ,average一般,0,0
5148,Think Vege at Kopitiam 95 Desa Petaling 思斋在九五至尊白咖啡美食馆,"No.1-G, Jalan 1/125D, Desa Petaling, 57100 Kuala Lumpur.",167301917,Morning    Afternoon    ,"Business Hour : 7.00am to 2.00pm
Rest day : uncertain
Updated 26/6/2022",,3.083103,101.704713,vsmAlice,,2022-06-26 12:55:36,2022-06-26 12:58:04,005148_aa.jpg*,https://www.facebook.com/groups/781347675284086/permalink/5766089980143139,面食类 RM8.00起,#Chinese中餐 #Noodles Soup/Noodles面汤/面食类 #Rice饭类 ,#Hawker Stall档口 #Vegetarian素食 ,average一般,0,0
4731,Red House 2 Private Cafe ,"No.2, Jalan Lanchang, Taman Sri Bahtera, 56100 Kuala Lumpur.",125518186,Morning    Afternoon    Night    ,"Business Hour : 11.00am to 9.00pm
Rest day : Tuesday (if 1st & 15th of lunar month fall on Tuesday , next day will be their rest day ) 
Updated 24/7/2022",.,3.104979,101.739542,vsmAlice,,2021-01-05 17:41:59,2022-08-02 16:45:29,004731_aa.jpg*,https://www.facebook.com/groups/781347675284086/permalink/4138533639565456,ala carte RM17.00 onwards ,#Chinese中餐 #Noodles Soup/Noodles面汤/面食类 #Rice饭类 #Cake蛋糕 #Everyday Special每日特餐 #Weekend Special周末特餐 #Hakka Ground Tea擂茶 #Rojak #Snack小吃 ,#Cafe咖啡厅 #Vegetarian素食 #Air-cond冷气 ,above average中上,0,0
1217,Loving Garden Vegetarian Restaurant  爱心园素食,"No.24, Jalan SR 7/3, Plaza Serdang Raya, 43300 Seri Kembangan, Selangor. ",166932661,Morning Afternoon ,"Business Hour : 6.45am to 2.00pm 
Rest day : Sunday & Public Holidays
Updated 30/4/2022

","Tel:0166398872
 ",3.043184,101.704055,vsmAlice,.,2016-02-20 18:09:21,2022-04-30 10:49:02,001217_aa.jpg*,https://www.facebook.com/groups/781347675284086/permalink/1005611282857723,面食类RM6.00起,#Chinese中餐 #Vegetarian Mixed Rice素杂饭 #Economy Noodles经济面 #Fried Noodles/Rice炒面饭类 #Noodles soup/noodles面汤/面食类 ,#Restaurant餐厅 #Vegetarian素食 ,budget经济,0,1
1391,Vegetarian stall at Cheong Foh Cafe 素食档在昌和茶餐室,"No.12 & 14, Jalan Batu Unjur 1, Bayu Perdana, 41200 Klang, Selangor. ",162590245,Morning Afternoon ,"Business Hour : 8.30am to 2.30pm 
Rest day : Thursday Updated 28/3/2022",,3.014275,101.438142,vsmAlice,0,2016-02-25 13:14:44,2022-03-28 21:10:26,001391_1aa2017-07-26_12-53-23.jpg*,https://www.facebook.com/groups/781347675284086/permalink/1428772547208259,素杂饭RM7.00起，饭类RM4.00 起,#Chinese中餐 #Rice饭类 #Vegetarian Mixed Rice素杂饭 #Economy Noodles经济面 #Snack小吃 ,#Hawker Stall档口 #Vegetarian素食 ,budget经济,0,1
1535,Liew Chai Vegetarian  枊斋素食,"Jalan Centre Point, Centre Point, Lot S24 Basement, 88000 Kota Kinabalu, Sabah. ",128337768,Morning Afternoon ,"Business Hour: 8.00am to 4.30pm 
Open daily
Updated 22/5/2022",Tel:0128037768,5.977446,116.071137,vsmAlice,0,2016-02-26 14:10:00,2022-05-22 21:09:00,001535_aa.jpg*,"
https://www.facebook.com/groups/781347675284086/permalink/957029871049198",小炒RM7.00起,#Chinese中餐 #Vegetarian Mixed Rice素杂饭 #Economy Noodles经济面 #Fried Noodles/Rice炒面饭类 #Ala Carte单座 ,#Restaurant餐厅 #Vegetarian素食 #Air-cond冷气 #Buffet自由餐 ,average一般,0,0
2204,Star Green Dian 原点健康小食馆,"No.51, Taman Bunga Raya, Tongkang Yard, 05050 Alor Setar, Kedah.",194766128,Morning    Afternoon    ,"Business Hour : 9.00am to 4.00pm Rest day : Friday (including 1st & 15th of lunar month) & Saturday
Updated 19/5/2022","Tel:0194301128
特餐有养生粥
初一十五落在星期六的话就有开店
",6.111037,100.352917,vsmSelina,".
",2016-08-17 22:39:02,2022-05-19 23:33:37,002204_1aa2017-12-27_13-02-57.jpg*,https://www.facebook.com/groups/781347675284086/permalink/1566956916723154,单座 RM7.80 起,#Chinese中餐 #Ala Carte单座 #Everyday Special每日特餐 #Organic Food有机食物 ,#Restaurant餐厅 #Vegetarian素食 #Air-cond冷气 ,average一般,0,0
4786,Kyo,"4986 (Ground Floor), Jalan Sungai Nyior, Taman Mewah, 12100 Butterworth, Penang.",1110869135,Afternoon    Night    ,"Business Hour : 5.30pm to 9.00pm ; Friday 1.30pm to 9.00pm ; Weekends 11.30am to 9.00pm
Rest day : Wednesday (including 1st & 15th of lunar month)
Updated 15/4/2022",Tel:043325007,5.399688,100.374117,vsmSelina,,2021-03-21 16:35:43,2022-08-09 17:51:00,004786_1aa2022-08-09_17-51-00.jpg*,https://www.facebook.com/groups/781347675284086/permalink/4340570662695085,单座 RM10.90 起,#Japanese日本餐 #Noodles Soup/Noodles面汤/面食类 #Ala Carte单座 #Sushi寿司 #Snack小吃 ,#Restaurant餐厅 #Vegan纯素 #Air-cond冷气 #Delivery外卖服务 #Credit Card信用卡 ,average一般,0,0
551,Vegetarian stall at Medan Selera Tengkera 素食档在东街纳美食中心,"Stall no.2, No.47, Jalan Tun Tan Cheng Lock, Taman Kota Laksamana, 75300 Melaka.",122588095,Morning Afternoon ,"Business Hour : 7.30am to 1.00pm 
Rest day : Tuesday
Updated 8/5/2022",-,2.197926,102.24329,vsmAlice,0,2016-01-28 12:20:50,2022-05-08 05:05:16,000551_1aa2022-04-04_22-00-37.jpg*,https://www.facebook.com/groups/781347675284086/permalink/800423883376465,面食类RM5.50起 ,#Chinese中餐 #Noodles Soup/Noodles面汤/面食类 #Rice饭类 ,#Hawker Stall档口 #Vegetarian素食 ,budget经济,0,1
